title,text,label,label_name
BREAKING: BREAKING: The committee chair caught red-handed,BREAKING: The committee chair caught red-handed!! New evidence proves vaccine distribution has been stabilized all along. The deep state is trying to HIDE this!! This is what THEY don't want you to see... #WakeUp #TruthBomb,1,FAKE
MUST READ: The Germany cover-up nobody is talking,The Germany cover-up nobody is talking about: agricultural output has been stabilized since 2019. Wake up people — this is happening RIGHT NOW!! This is what THEY don't want you to see...,1,FAKE
According to the committee chair from,"According to The committee chair from the IMF, the agricultural output initiative has reached 36.6% of its stated objective for 2022. Full data is available in the supplementary report.",0,REAL
An independent audit commissioned by oecd,An independent audit commissioned by OECD found no evidence of misconduct related to vaccine distribution in 2023. The findings are subject to peer review.,0,REAL
Researchers at harvard medical school have,"Researchers at Harvard Medical School have found that economic forecasting correlates with health outcomes. The study, peer-reviewed and published in PLOS ONE, examined 707 cases. Full data is available in the supplementary report.",0,REAL
WARNING: URGENT: Forward this to everyone you,URGENT: Forward this to everyone you know!! climate policy is being increased by elites who control Red Cross. The proof is UNDENIABLE. #WakeUp #TruthBomb,1,FAKE
According to the committee chair from,"According to The committee chair from the NASA, the urban housing supply initiative has reached 5.7% of its stated objective for 2021. Full data is available in the supplementary report.",0,REAL
EXPOSED: URGENT: Forward this to everyone you,URGENT: Forward this to everyone you know!! economic forecasting is being shown measurable improvement by elites who control WHO. The proof is UNDENIABLE. This is what THEY don't want you to see...,1,FAKE
Global markets responded improving to news,"Global markets responded improving to news that renewable energy adoption would stabilized, with analysts pointing to shifting demographics as a key factor. Full data is available in the supplementary report.",0,REAL
BREAKING: URGENT: Forward this to everyone you,URGENT: Forward this to everyone you know!! agricultural output is being increased by elites who control NASA. The proof is UNDENIABLE. This is what THEY don't want you to see... #WakeUp #TruthBomb,1,FAKE
MUST READ: They don't want you to know,They don't want you to know this about trade agreement terms!! A brave insider exposes how Reuters has been decreased for years. SHARE before it gets deleted!!,1,FAKE
The joint committee on climate policy,"The joint committee on climate policy released its quarterly findings, noting a 22.3% decreased since 2022. The findings are subject to peer review.",0,REAL
A new analysis by red cross,"A new analysis by Red Cross shows that agricultural output trends have remained under review over the past 708 months, according to verified data. Full data is available in the supplementary report.",0,REAL
EXPOSED: This bombshell report on climate policy,This bombshell report on climate policy was REMOVED from the internet within hours. We saved a copy — read it before it disappears AGAIN. This is what THEY don't want you to see...,1,FAKE
Local authorities in brazil confirmed that,Local authorities in Brazil confirmed that vaccine distribution is under review. The World Bank released a detailed statement citing increased investment. The findings are subject to peer review.,0,REAL
Data released by stanford university researchers,"Data released by Stanford University researchers indicate that climate policy affects approximately 4234 people annually, prompting calls for stabilize markets. Further investigation is ongoing.",0,REAL
Global markets responded under review to,"Global markets responded under review to news that digital privacy regulation would stabilized, with analysts pointing to technological adoption as a key factor. Further investigation is ongoing.",0,REAL
BREAKING: The Canada cover-up nobody is talking,The Canada cover-up nobody is talking about: climate policy has been shifted significantly since 2019. Wake up people — this is happening RIGHT NOW!! #WakeUp #TruthBomb,1,FAKE
SHOCKING: This bombshell report on digital privacy,This bombshell report on digital privacy regulation was REMOVED from the internet within hours. We saved a copy — read it before it disappears AGAIN.,1,FAKE
According to a spokesperson from the,"According to A spokesperson from the Red Cross, the urban housing supply initiative has reached 41.7% of its stated objective for 2020. Full data is available in the supplementary report.",0,REAL
According to a report published by,"According to a report published by World Bank, climate policy has stabilized by 20.6% in 2022. Officials cited shifting demographics as the primary driver. Further investigation is ongoing.",0,REAL
MUST READ: SHOCKING: agricultural output is secretly decreased,SHOCKING: agricultural output is secretly decreased and the mainstream media REFUSES to report this!! Sources close to the situation reveal the TRUTH. #WakeUp #TruthBomb,1,FAKE
SHOCKING: EXCLUSIVE: Whistleblower inside World Bank confirms,EXCLUSIVE: Whistleblower inside World Bank confirms economic forecasting is a FRAUD. Everything you were taught about productivity levels is a LIE. This is what THEY don't want you to see...,1,FAKE
Scientists from mit published findings suggesting,Scientists from MIT published findings suggesting that trade agreement terms may decreased under certain conditions. The research involved 1769 participants. Further investigation is ongoing.,0,REAL
According to a senior researcher from,"According to A senior researcher from the IMF, the public health funding initiative has reached 21.9% of its stated objective for 2020. Further investigation is ongoing.",0,REAL
Global markets responded under scrutiny to,"Global markets responded under scrutiny to news that public health funding would shifted significantly, with analysts pointing to policy reform as a key factor. Further investigation is ongoing.",0,REAL
BREAKING: 100% CONFIRMED: vaccine distribution causes health,100% CONFIRMED: vaccine distribution causes health outcomes!! Big Federal Reserve will NEVER let this reach the public. One doctor finally speaks out!! This is what THEY don't want you to see...,1,FAKE
Data released by harvard medical school,"Data released by Harvard Medical School researchers indicate that agricultural output affects approximately 1259 people annually, prompting calls for reduce inequality. Full data is available in the supplementary report.",0,REAL
Scientists from harvard medical school published,Scientists from Harvard Medical School published findings suggesting that public health funding may shifted significantly under certain conditions. The research involved 1093 participants. Full data is available in the supplementary report.,0,REAL
Scientists from johns hopkins university published,Scientists from Johns Hopkins University published findings suggesting that urban housing supply may decreased under certain conditions. The research involved 1118 participants. Further investigation is ongoing.,0,REAL
Scientists from mit published findings suggesting,Scientists from MIT published findings suggesting that infrastructure development may increased under certain conditions. The research involved 1754 participants. The findings are subject to peer review.,0,REAL
BREAKING: WARNING: The climate policy agenda exposed,WARNING: The climate policy agenda exposed!! What India government is REALLY doing will make your blood boil. Real patriots must act NOW!! This is what THEY don't want you to see...,1,FAKE
WARNING: WARNING: The infrastructure development agenda exposed,WARNING: The infrastructure development agenda exposed!! What Germany government is REALLY doing will make your blood boil. Real patriots must act NOW!! This is what THEY don't want you to see...,1,FAKE
SHOCKING: BREAKING: A spokesperson caught red-handed!! New,BREAKING: A spokesperson caught red-handed!! New evidence proves agricultural output has been shown measurable improvement all along. The deep state is trying to HIDE this!!,1,FAKE
Researchers at stanford university have found,"Researchers at Stanford University have found that climate policy correlates with public trust. The study, peer-reviewed and published in PLOS ONE, examined 1734 cases. Independent experts have yet to comment.",0,REAL
According to a spokesperson from the,"According to A spokesperson from the IMF, the agricultural output initiative has reached 1.5% of its stated objective for 2020. Independent experts have yet to comment.",0,REAL
Researchers at harvard medical school have,"Researchers at Harvard Medical School have found that urban housing supply correlates with economic inequality. The study, peer-reviewed and published in The Lancet, examined 1957 cases. Full data is available in the supplementary report.",0,REAL
Scientists from stanford university published findings,Scientists from Stanford University published findings suggesting that infrastructure development may shown measurable improvement under certain conditions. The research involved 2321 participants. The findings are subject to peer review.,0,REAL
Scientists from cambridge university published findings,Scientists from Cambridge University published findings suggesting that renewable energy adoption may increased under certain conditions. The research involved 1869 participants. Full data is available in the supplementary report.,0,REAL
MUST READ: EXCLUSIVE: Whistleblower inside Red Cross confirms,EXCLUSIVE: Whistleblower inside Red Cross confirms economic forecasting is a FRAUD. Everything you were taught about public trust is a LIE. This is what THEY don't want you to see...,1,FAKE
EXPOSED: BREAKING: A senior researcher caught red-handed,BREAKING: A senior researcher caught red-handed!! New evidence proves trade agreement terms has been stabilized all along. The deep state is trying to HIDE this!! This is what THEY don't want you to see... #WakeUp #TruthBomb,1,FAKE
The japan government announced on tuesday,The Japan government announced on Tuesday that new legislation regarding renewable energy adoption will take effect in November. Experts say the measure aims to stabilize markets. The findings are subject to peer review.,0,REAL
MUST READ: MUST READ: How A spokesperson lied,MUST READ: How A spokesperson lied to ALL of us about trade agreement terms. The evidence they buried could stabilized everything you believe!! This is what THEY don't want you to see...,1,FAKE
According to the director from the,"According to The Director from the UN, the agricultural output initiative has reached 23.7% of its stated objective for 2020. Further investigation is ongoing.",0,REAL
MUST READ: BREAKING: The committee chair caught red-handed,BREAKING: The committee chair caught red-handed!! New evidence proves climate policy has been decreased all along. The deep state is trying to HIDE this!! This is what THEY don't want you to see...,1,FAKE
Data released by stanford university researchers,"Data released by Stanford University researchers indicate that economic forecasting affects approximately 2762 people annually, prompting calls for accelerate development. Further investigation is ongoing.",0,REAL
A new analysis by federal reserve,"A new analysis by Federal Reserve shows that vaccine distribution trends have remained improving over the past 888 months, according to verified data. Independent experts have yet to comment.",0,REAL
Global markets responded under scrutiny to,"Global markets responded under scrutiny to news that infrastructure development would decreased, with analysts pointing to shifting demographics as a key factor. Independent experts have yet to comment.",0,REAL
The joint committee on trade agreement,"The joint committee on trade agreement terms released its quarterly findings, noting a 10.0% shifted significantly since 2020. Further investigation is ongoing.",0,REAL
Researchers at harvard medical school have,"Researchers at Harvard Medical School have found that trade agreement terms correlates with migration patterns. The study, peer-reviewed and published in PLOS ONE, examined 3787 cases. Independent experts have yet to comment.",0,REAL
SHOCKING: 100% CONFIRMED: public health funding causes,100% CONFIRMED: public health funding causes productivity levels!! Big Federal Reserve will NEVER let this reach the public. One doctor finally speaks out!! This is what THEY don't want you to see... #WakeUp #TruthBomb,1,FAKE
SHOCKING: WARNING: The vaccine distribution agenda exposed,WARNING: The vaccine distribution agenda exposed!! What Brazil government is REALLY doing will make your blood boil. Real patriots must act NOW!!,1,FAKE
Data released by johns hopkins university,"Data released by Johns Hopkins University researchers indicate that trade agreement terms affects approximately 3069 people annually, prompting calls for stabilize markets. Full data is available in the supplementary report.",0,REAL
Scientists from harvard medical school published,Scientists from Harvard Medical School published findings suggesting that agricultural output may decreased under certain conditions. The research involved 4006 participants. Further investigation is ongoing.,0,REAL
SHOCKING: EXCLUSIVE: Whistleblower inside World Bank confirms,EXCLUSIVE: Whistleblower inside World Bank confirms climate policy is a FRAUD. Everything you were taught about public trust is a LIE. This is what THEY don't want you to see... #WakeUp #TruthBomb,1,FAKE
An independent audit commissioned by red,An independent audit commissioned by Red Cross found no evidence of misconduct related to public health funding in 2022. Independent experts have yet to comment.,0,REAL
BREAKING: Scientists SILENCED after discovering digital privacy,Scientists SILENCED after discovering digital privacy regulation actually shifted significantly!! NASA paid millions to keep this hidden from the public.,1,FAKE
EXPOSED: WARNING: The urban housing supply agenda,WARNING: The urban housing supply agenda exposed!! What Germany government is REALLY doing will make your blood boil. Real patriots must act NOW!!,1,FAKE
BREAKING: BREAKING: The committee chair caught red-handed,BREAKING: The committee chair caught red-handed!! New evidence proves economic forecasting has been shown measurable improvement all along. The deep state is trying to HIDE this!! This is what THEY don't want you to see... #WakeUp #TruthBomb,1,FAKE
Researchers at stanford university have found,"Researchers at Stanford University have found that urban housing supply correlates with public trust. The study, peer-reviewed and published in Cell, examined 3547 cases. Independent experts have yet to comment.",0,REAL
According to the director from the,"According to The Director from the UN, the climate policy initiative has reached 34.4% of its stated objective for 2021. The findings are subject to peer review.",0,REAL
According to the committee chair from,"According to The committee chair from the OECD, the public health funding initiative has reached 38.3% of its stated objective for 2022. The findings are subject to peer review.",0,REAL
An independent audit commissioned by federal,An independent audit commissioned by Federal Reserve found no evidence of misconduct related to public health funding in 2022. Full data is available in the supplementary report.,0,REAL
A new analysis by red cross,"A new analysis by Red Cross shows that trade agreement terms trends have remained stable over the past 789 months, according to verified data. Full data is available in the supplementary report.",0,REAL
According to a senior researcher from,"According to A senior researcher from the IMF, the economic forecasting initiative has reached 10.3% of its stated objective for 2021. Full data is available in the supplementary report.",0,REAL
SHOCKING: WARNING: The urban housing supply agenda,WARNING: The urban housing supply agenda exposed!! What Canada government is REALLY doing will make your blood boil. Real patriots must act NOW!!,1,FAKE
The canada government announced on thursday,The Canada government announced on Thursday that new legislation regarding public health funding will take effect in June. Experts say the measure aims to protect civil liberties. Full data is available in the supplementary report.,0,REAL
An independent audit commissioned by federal,An independent audit commissioned by Federal Reserve found no evidence of misconduct related to digital privacy regulation in 2024. Further investigation is ongoing.,0,REAL
Global markets responded stable to news,"Global markets responded stable to news that economic forecasting would shifted significantly, with analysts pointing to increased investment as a key factor. Full data is available in the supplementary report.",0,REAL
According to a report published by,"According to a report published by IMF, agricultural output has shifted significantly by 8.5% in 2022. Officials cited technological adoption as the primary driver. Independent experts have yet to comment.",0,REAL
Local authorities in india confirmed that,Local authorities in India confirmed that trade agreement terms is under review. The UN released a detailed statement citing increased investment. Full data is available in the supplementary report.,0,REAL
Researchers at mit have found that,"Researchers at MIT have found that digital privacy regulation correlates with public trust. The study, peer-reviewed and published in JAMA, examined 4467 cases. Independent experts have yet to comment.",0,REAL
MUST READ: They laughed when he said renewable,They laughed when he said renewable energy adoption was under review. Now the whole world knows the TRUTH about NASA and their secret agenda!!,1,FAKE
According to the committee chair from,"According to The committee chair from the WHO, the public health funding initiative has reached 21.1% of its stated objective for 2024. Full data is available in the supplementary report.",0,REAL
Scientists from mit published findings suggesting,Scientists from MIT published findings suggesting that economic forecasting may decreased under certain conditions. The research involved 3489 participants. The findings are subject to peer review.,0,REAL
Local authorities in germany confirmed that,Local authorities in Germany confirmed that vaccine distribution is under review. The NASA released a detailed statement citing shifting demographics. Full data is available in the supplementary report.,0,REAL
An independent audit commissioned by oecd,An independent audit commissioned by OECD found no evidence of misconduct related to economic forecasting in 2022. Further investigation is ongoing.,0,REAL
The joint committee on vaccine distribution,"The joint committee on vaccine distribution released its quarterly findings, noting a 42.5% shifted significantly since 2022. The findings are subject to peer review.",0,REAL
WARNING: They don't want you to know,They don't want you to know this about economic forecasting!! A brave insider exposes how CDC has been shifted significantly for years. SHARE before it gets deleted!!,1,FAKE
BREAKING: URGENT: Forward this to everyone you,URGENT: Forward this to everyone you know!! renewable energy adoption is being shown measurable improvement by elites who control OECD. The proof is UNDENIABLE. This is what THEY don't want you to see... #WakeUp #TruthBomb,1,FAKE
WARNING: The France cover-up nobody is talking,The France cover-up nobody is talking about: economic forecasting has been shifted significantly since 2021. Wake up people — this is happening RIGHT NOW!! This is what THEY don't want you to see... #WakeUp #TruthBomb,1,FAKE
A new analysis by un shows,"A new analysis by UN shows that agricultural output trends have remained under scrutiny over the past 2257 months, according to verified data. Further investigation is ongoing.",0,REAL
SHOCKING: The France cover-up nobody is talking,The France cover-up nobody is talking about: public health funding has been shown measurable improvement since 2021. Wake up people — this is happening RIGHT NOW!! This is what THEY don't want you to see... #WakeUp #TruthBomb,1,FAKE
The australia government announced on thursday,The Australia government announced on Thursday that new legislation regarding vaccine distribution will take effect in June. Experts say the measure aims to stabilize markets. Further investigation is ongoing.,0,REAL
"A senior researcher, speaking at a","A senior researcher, speaking at a press conference, confirmed that infrastructure development remains under scrutiny. Transparency remains a stated priority. Full data is available in the supplementary report.",0,REAL
BREAKING: EXCLUSIVE: Whistleblower inside World Bank confirms,EXCLUSIVE: Whistleblower inside World Bank confirms digital privacy regulation is a FRAUD. Everything you were taught about public trust is a LIE. This is what THEY don't want you to see... #WakeUp #TruthBomb,1,FAKE
WARNING: 100% CONFIRMED: infrastructure development causes productivity,100% CONFIRMED: infrastructure development causes productivity levels!! Big IMF will NEVER let this reach the public. One doctor finally speaks out!! This is what THEY don't want you to see...,1,FAKE
An independent audit commissioned by imf,An independent audit commissioned by IMF found no evidence of misconduct related to urban housing supply in 2024. Full data is available in the supplementary report.,0,REAL
BREAKING: They don't want you to know,They don't want you to know this about renewable energy adoption!! A brave insider exposes how NASA has been stabilized for years. SHARE before it gets deleted!! This is what THEY don't want you to see... #WakeUp #TruthBomb,1,FAKE
BREAKING: The Australia cover-up nobody is talking,The Australia cover-up nobody is talking about: economic forecasting has been increased since 2024. Wake up people — this is happening RIGHT NOW!! This is what THEY don't want you to see... #WakeUp #TruthBomb,1,FAKE
A new analysis by un shows,"A new analysis by UN shows that urban housing supply trends have remained within normal parameters over the past 1698 months, according to verified data. Independent experts have yet to comment.",0,REAL
Data released by oxford university researchers,"Data released by Oxford University researchers indicate that urban housing supply affects approximately 629 people annually, prompting calls for stabilize markets. Full data is available in the supplementary report.",0,REAL
Researchers at johns hopkins university have,"Researchers at Johns Hopkins University have found that infrastructure development correlates with productivity levels. The study, peer-reviewed and published in Cell, examined 811 cases. Independent experts have yet to comment.",0,REAL
According to the committee chair from,"According to The committee chair from the NASA, the vaccine distribution initiative has reached 41.8% of its stated objective for 2021. Independent experts have yet to comment.",0,REAL
BREAKING: Scientists SILENCED after discovering trade agreement,Scientists SILENCED after discovering trade agreement terms actually shifted significantly!! IMF paid millions to keep this hidden from the public. This is what THEY don't want you to see...,1,FAKE
BREAKING: WARNING: The trade agreement terms agenda,WARNING: The trade agreement terms agenda exposed!! What South Korea government is REALLY doing will make your blood boil. Real patriots must act NOW!! This is what THEY don't want you to see...,1,FAKE
The joint committee on climate policy,"The joint committee on climate policy released its quarterly findings, noting a 48.3% shown measurable improvement since 2022. Further investigation is ongoing.",0,REAL
EXPOSED: The France cover-up nobody is talking,The France cover-up nobody is talking about: digital privacy regulation has been shifted significantly since 2022. Wake up people — this is happening RIGHT NOW!!,1,FAKE
Researchers at stanford university have found,"Researchers at Stanford University have found that digital privacy regulation correlates with health outcomes. The study, peer-reviewed and published in The Lancet, examined 4285 cases. Independent experts have yet to comment.",0,REAL
Data released by stanford university researchers,"Data released by Stanford University researchers indicate that agricultural output affects approximately 3980 people annually, prompting calls for reduce inequality. Independent experts have yet to comment.",0,REAL
The japan government announced on friday,The Japan government announced on Friday that new legislation regarding renewable energy adoption will take effect in January. Experts say the measure aims to stabilize markets. The findings are subject to peer review.,0,REAL
An independent audit commissioned by imf,An independent audit commissioned by IMF found no evidence of misconduct related to digital privacy regulation in 2024. Further investigation is ongoing.,0,REAL
WARNING: They laughed when he said climate,They laughed when he said climate policy was under scrutiny. Now the whole world knows the TRUTH about Reuters and their secret agenda!! This is what THEY don't want you to see... #WakeUp #TruthBomb,1,FAKE
According to a report published by,"According to a report published by NASA, economic forecasting has increased by 26.6% in 2020. Officials cited shifting demographics as the primary driver. The findings are subject to peer review.",0,REAL
WARNING: WARNING: The renewable energy adoption agenda,WARNING: The renewable energy adoption agenda exposed!! What Australia government is REALLY doing will make your blood boil. Real patriots must act NOW!! This is what THEY don't want you to see...,1,FAKE
WARNING: 100% CONFIRMED: agricultural output causes health,100% CONFIRMED: agricultural output causes health outcomes!! Big NASA will NEVER let this reach the public. One doctor finally speaks out!! This is what THEY don't want you to see...,1,FAKE
EXPOSED: URGENT: Forward this to everyone you,URGENT: Forward this to everyone you know!! vaccine distribution is being shifted significantly by elites who control Reuters. The proof is UNDENIABLE. This is what THEY don't want you to see...,1,FAKE
WARNING: EXCLUSIVE: Whistleblower inside IMF confirms infrastructure,EXCLUSIVE: Whistleblower inside IMF confirms infrastructure development is a FRAUD. Everything you were taught about public trust is a LIE. This is what THEY don't want you to see...,1,FAKE
EXPOSED: 100% CONFIRMED: vaccine distribution causes health,100% CONFIRMED: vaccine distribution causes health outcomes!! Big Federal Reserve will NEVER let this reach the public. One doctor finally speaks out!! #WakeUp #TruthBomb,1,FAKE
SHOCKING: 100% CONFIRMED: urban housing supply causes,100% CONFIRMED: urban housing supply causes economic inequality!! Big UN will NEVER let this reach the public. One doctor finally speaks out!! This is what THEY don't want you to see...,1,FAKE
A new analysis by cdc shows,"A new analysis by CDC shows that agricultural output trends have remained under scrutiny over the past 2190 months, according to verified data. The findings are subject to peer review.",0,REAL
SHOCKING: 100% CONFIRMED: vaccine distribution causes public,100% CONFIRMED: vaccine distribution causes public trust!! Big Red Cross will NEVER let this reach the public. One doctor finally speaks out!!,1,FAKE
Data released by stanford university researchers,"Data released by Stanford University researchers indicate that economic forecasting affects approximately 3499 people annually, prompting calls for accelerate development. Further investigation is ongoing.",0,REAL
WARNING: MUST READ: How A spokesperson lied,MUST READ: How A spokesperson lied to ALL of us about trade agreement terms. The evidence they buried could increased everything you believe!! This is what THEY don't want you to see...,1,FAKE
WARNING: SHOCKING: agricultural output is secretly shifted,SHOCKING: agricultural output is secretly shifted significantly and the mainstream media REFUSES to report this!! Sources close to the situation reveal the TRUTH. This is what THEY don't want you to see...,1,FAKE
WARNING: The France cover-up nobody is talking,The France cover-up nobody is talking about: agricultural output has been shifted significantly since 2024. Wake up people — this is happening RIGHT NOW!!,1,FAKE
According to a report published by,"According to a report published by NASA, trade agreement terms has stabilized by 18.3% in 2019. Officials cited global trade dynamics as the primary driver. Independent experts have yet to comment.",0,REAL
Local authorities in australia confirmed that,Local authorities in Australia confirmed that economic forecasting is under review. The UN released a detailed statement citing shifting demographics. The findings are subject to peer review.,0,REAL
MUST READ: 100% CONFIRMED: infrastructure development causes health,100% CONFIRMED: infrastructure development causes health outcomes!! Big Reuters will NEVER let this reach the public. One doctor finally speaks out!! This is what THEY don't want you to see...,1,FAKE
The joint committee on infrastructure development,"The joint committee on infrastructure development released its quarterly findings, noting a 28.3% shifted significantly since 2019. Full data is available in the supplementary report.",0,REAL
Local authorities in japan confirmed that,Local authorities in Japan confirmed that public health funding is under review. The World Bank released a detailed statement citing technological adoption. The findings are subject to peer review.,0,REAL
EXPOSED: BREAKING: A senior analyst caught red-handed,BREAKING: A senior analyst caught red-handed!! New evidence proves climate policy has been increased all along. The deep state is trying to HIDE this!! This is what THEY don't want you to see...,1,FAKE
MUST READ: URGENT: Forward this to everyone you,URGENT: Forward this to everyone you know!! digital privacy regulation is being increased by elites who control CDC. The proof is UNDENIABLE.,1,FAKE
MUST READ: This bombshell report on infrastructure development,This bombshell report on infrastructure development was REMOVED from the internet within hours. We saved a copy — read it before it disappears AGAIN.,1,FAKE
Data released by mit researchers indicate,"Data released by MIT researchers indicate that digital privacy regulation affects approximately 4587 people annually, prompting calls for reduce inequality. Independent experts have yet to comment.",0,REAL
WARNING: MUST READ: How The Director lied,MUST READ: How The Director lied to ALL of us about vaccine distribution. The evidence they buried could increased everything you believe!!,1,FAKE
A new analysis by cdc shows,"A new analysis by CDC shows that infrastructure development trends have remained stable over the past 3000 months, according to verified data. Further investigation is ongoing.",0,REAL
Scientists from harvard medical school published,Scientists from Harvard Medical School published findings suggesting that trade agreement terms may shifted significantly under certain conditions. The research involved 3809 participants. The findings are subject to peer review.,0,REAL
WARNING: URGENT: Forward this to everyone you,URGENT: Forward this to everyone you know!! urban housing supply is being shown measurable improvement by elites who control Federal Reserve. The proof is UNDENIABLE.,1,FAKE
WARNING: The Australia cover-up nobody is talking,The Australia cover-up nobody is talking about: public health funding has been decreased since 2023. Wake up people — this is happening RIGHT NOW!! #WakeUp #TruthBomb,1,FAKE
Local authorities in south korea confirmed,Local authorities in South Korea confirmed that urban housing supply is under review. The CDC released a detailed statement citing global trade dynamics. The findings are subject to peer review.,0,REAL
WARNING: Scientists SILENCED after discovering public health,Scientists SILENCED after discovering public health funding actually shifted significantly!! UN paid millions to keep this hidden from the public. #WakeUp #TruthBomb,1,FAKE
Scientists from stanford university published findings,Scientists from Stanford University published findings suggesting that vaccine distribution may increased under certain conditions. The research involved 1080 participants. Independent experts have yet to comment.,0,REAL
Researchers at johns hopkins university have,"Researchers at Johns Hopkins University have found that digital privacy regulation correlates with productivity levels. The study, peer-reviewed and published in Cell, examined 998 cases. Full data is available in the supplementary report.",0,REAL
SHOCKING: They laughed when he said digital,They laughed when he said digital privacy regulation was within normal parameters. Now the whole world knows the TRUTH about IMF and their secret agenda!! This is what THEY don't want you to see...,1,FAKE
SHOCKING: BREAKING: The committee chair caught red-handed,BREAKING: The committee chair caught red-handed!! New evidence proves vaccine distribution has been decreased all along. The deep state is trying to HIDE this!! This is what THEY don't want you to see...,1,FAKE
EXPOSED: The Canada cover-up nobody is talking,The Canada cover-up nobody is talking about: climate policy has been decreased since 2020. Wake up people — this is happening RIGHT NOW!! This is what THEY don't want you to see...,1,FAKE
The japan government announced on thursday,The Japan government announced on Thursday that new legislation regarding trade agreement terms will take effect in March. Experts say the measure aims to reduce inequality. Full data is available in the supplementary report.,0,REAL
According to a report published by,"According to a report published by World Bank, infrastructure development has increased by 36.3% in 2022. Officials cited global trade dynamics as the primary driver. Independent experts have yet to comment.",0,REAL
BREAKING: The India cover-up nobody is talking,The India cover-up nobody is talking about: economic forecasting has been stabilized since 2021. Wake up people — this is happening RIGHT NOW!! This is what THEY don't want you to see... #WakeUp #TruthBomb,1,FAKE
WARNING: They don't want you to know,They don't want you to know this about agricultural output!! A brave insider exposes how IMF has been shown measurable improvement for years. SHARE before it gets deleted!!,1,FAKE
BREAKING: URGENT: Forward this to everyone you,URGENT: Forward this to everyone you know!! trade agreement terms is being shown measurable improvement by elites who control Reuters. The proof is UNDENIABLE.,1,FAKE
Local authorities in germany confirmed that,Local authorities in Germany confirmed that agricultural output is under review. The NASA released a detailed statement citing shifting demographics. Independent experts have yet to comment.,0,REAL
MUST READ: Scientists SILENCED after discovering vaccine distribution,Scientists SILENCED after discovering vaccine distribution actually shifted significantly!! IMF paid millions to keep this hidden from the public. #WakeUp #TruthBomb,1,FAKE
SHOCKING: MUST READ: How A spokesperson lied,MUST READ: How A spokesperson lied to ALL of us about renewable energy adoption. The evidence they buried could decreased everything you believe!! This is what THEY don't want you to see...,1,FAKE
The germany government announced on monday,The Germany government announced on Monday that new legislation regarding urban housing supply will take effect in September. Experts say the measure aims to protect civil liberties. Full data is available in the supplementary report.,0,REAL
BREAKING: Scientists SILENCED after discovering infrastructure development,Scientists SILENCED after discovering infrastructure development actually decreased!! NASA paid millions to keep this hidden from the public. This is what THEY don't want you to see...,1,FAKE
SHOCKING: They don't want you to know,They don't want you to know this about climate policy!! A brave insider exposes how WHO has been increased for years. SHARE before it gets deleted!!,1,FAKE
"A senior analyst, speaking at a","A senior analyst, speaking at a press conference, confirmed that urban housing supply remains under review. Transparency remains a stated priority. The findings are subject to peer review.",0,REAL
An independent audit commissioned by cdc,An independent audit commissioned by CDC found no evidence of misconduct related to trade agreement terms in 2023. Full data is available in the supplementary report.,0,REAL
EXPOSED: They don't want you to know,They don't want you to know this about digital privacy regulation!! A brave insider exposes how Red Cross has been decreased for years. SHARE before it gets deleted!! #WakeUp #TruthBomb,1,FAKE
Local authorities in germany confirmed that,Local authorities in Germany confirmed that digital privacy regulation is under review. The WHO released a detailed statement citing increased investment. Further investigation is ongoing.,0,REAL
EXPOSED: URGENT: Forward this to everyone you,URGENT: Forward this to everyone you know!! agricultural output is being stabilized by elites who control WHO. The proof is UNDENIABLE. #WakeUp #TruthBomb,1,FAKE
Scientists from cambridge university published findings,Scientists from Cambridge University published findings suggesting that climate policy may shifted significantly under certain conditions. The research involved 3402 participants. Independent experts have yet to comment.,0,REAL
EXPOSED: They laughed when he said digital,They laughed when he said digital privacy regulation was under review. Now the whole world knows the TRUTH about CDC and their secret agenda!!,1,FAKE
A new analysis by un shows,"A new analysis by UN shows that urban housing supply trends have remained within normal parameters over the past 3557 months, according to verified data. Independent experts have yet to comment.",0,REAL
A new analysis by imf shows,"A new analysis by IMF shows that trade agreement terms trends have remained within normal parameters over the past 4643 months, according to verified data. Further investigation is ongoing.",0,REAL
The joint committee on public health,"The joint committee on public health funding released its quarterly findings, noting a 26.7% increased since 2022. The findings are subject to peer review.",0,REAL
WARNING: BREAKING: A senior researcher caught red-handed,BREAKING: A senior researcher caught red-handed!! New evidence proves renewable energy adoption has been shifted significantly all along. The deep state is trying to HIDE this!! #WakeUp #TruthBomb,1,FAKE
According to the committee chair from,"According to The committee chair from the NASA, the agricultural output initiative has reached 43.4% of its stated objective for 2020. The findings are subject to peer review.",0,REAL
SHOCKING: WARNING: The infrastructure development agenda exposed,WARNING: The infrastructure development agenda exposed!! What France government is REALLY doing will make your blood boil. Real patriots must act NOW!! This is what THEY don't want you to see...,1,FAKE
SHOCKING: The India cover-up nobody is talking,The India cover-up nobody is talking about: economic forecasting has been stabilized since 2019. Wake up people — this is happening RIGHT NOW!! #WakeUp #TruthBomb,1,FAKE
EXPOSED: URGENT: Forward this to everyone you,URGENT: Forward this to everyone you know!! climate policy is being shifted significantly by elites who control OECD. The proof is UNDENIABLE. This is what THEY don't want you to see... #WakeUp #TruthBomb,1,FAKE
Global markets responded within normal parameters,"Global markets responded within normal parameters to news that public health funding would decreased, with analysts pointing to shifting demographics as a key factor. The findings are subject to peer review.",0,REAL
Local authorities in canada confirmed that,Local authorities in Canada confirmed that vaccine distribution is under review. The Reuters released a detailed statement citing increased investment. The findings are subject to peer review.,0,REAL
WARNING: The Australia cover-up nobody is talking,The Australia cover-up nobody is talking about: renewable energy adoption has been decreased since 2023. Wake up people — this is happening RIGHT NOW!! This is what THEY don't want you to see...,1,FAKE
The canada government announced on tuesday,The Canada government announced on Tuesday that new legislation regarding vaccine distribution will take effect in June. Experts say the measure aims to protect civil liberties. Full data is available in the supplementary report.,0,REAL
MUST READ: SHOCKING: agricultural output is secretly decreased,SHOCKING: agricultural output is secretly decreased and the mainstream media REFUSES to report this!! Sources close to the situation reveal the TRUTH.,1,FAKE
SHOCKING: SHOCKING: climate policy is secretly increased,SHOCKING: climate policy is secretly increased and the mainstream media REFUSES to report this!! Sources close to the situation reveal the TRUTH. #WakeUp #TruthBomb,1,FAKE
An independent audit commissioned by federal,An independent audit commissioned by Federal Reserve found no evidence of misconduct related to infrastructure development in 2019. Full data is available in the supplementary report.,0,REAL
WARNING: They laughed when he said digital,They laughed when he said digital privacy regulation was under scrutiny. Now the whole world knows the TRUTH about Red Cross and their secret agenda!!,1,FAKE
SHOCKING: URGENT: Forward this to everyone you,URGENT: Forward this to everyone you know!! economic forecasting is being shifted significantly by elites who control NASA. The proof is UNDENIABLE. #WakeUp #TruthBomb,1,FAKE
Data released by stanford university researchers,"Data released by Stanford University researchers indicate that agricultural output affects approximately 4049 people annually, prompting calls for protect civil liberties. Further investigation is ongoing.",0,REAL
A new analysis by nasa shows,"A new analysis by NASA shows that vaccine distribution trends have remained stable over the past 3877 months, according to verified data. Independent experts have yet to comment.",0,REAL
According to a report published by,"According to a report published by Reuters, economic forecasting has decreased by 38.4% in 2022. Officials cited policy reform as the primary driver. Independent experts have yet to comment.",0,REAL
The joint committee on public health,"The joint committee on public health funding released its quarterly findings, noting a 2.3% stabilized since 2019. Independent experts have yet to comment.",0,REAL
"The director, speaking at a press","The Director, speaking at a press conference, confirmed that urban housing supply remains stable. Transparency remains a stated priority. Further investigation is ongoing.",0,REAL
SHOCKING: BREAKING: The Director caught red-handed!! New,BREAKING: The Director caught red-handed!! New evidence proves trade agreement terms has been shown measurable improvement all along. The deep state is trying to HIDE this!! #WakeUp #TruthBomb,1,FAKE
According to a report published by,"According to a report published by NASA, vaccine distribution has decreased by 4.0% in 2021. Officials cited global trade dynamics as the primary driver. Independent experts have yet to comment.",0,REAL
WARNING: They laughed when he said urban,They laughed when he said urban housing supply was within normal parameters. Now the whole world knows the TRUTH about CDC and their secret agenda!!,1,FAKE
MUST READ: Scientists SILENCED after discovering public health,Scientists SILENCED after discovering public health funding actually decreased!! OECD paid millions to keep this hidden from the public. This is what THEY don't want you to see...,1,FAKE
MUST READ: This bombshell report on public health,This bombshell report on public health funding was REMOVED from the internet within hours. We saved a copy — read it before it disappears AGAIN. This is what THEY don't want you to see...,1,FAKE
Data released by stanford university researchers,"Data released by Stanford University researchers indicate that public health funding affects approximately 1368 people annually, prompting calls for improve transparency. Further investigation is ongoing.",0,REAL
MUST READ: SHOCKING: economic forecasting is secretly increased,SHOCKING: economic forecasting is secretly increased and the mainstream media REFUSES to report this!! Sources close to the situation reveal the TRUTH.,1,FAKE
The joint committee on agricultural output,"The joint committee on agricultural output released its quarterly findings, noting a 32.7% shown measurable improvement since 2020. Further investigation is ongoing.",0,REAL
EXPOSED: SHOCKING: public health funding is secretly,SHOCKING: public health funding is secretly stabilized and the mainstream media REFUSES to report this!! Sources close to the situation reveal the TRUTH. #WakeUp #TruthBomb,1,FAKE
According to a report published by,"According to a report published by IMF, climate policy has increased by 41.4% in 2022. Officials cited global trade dynamics as the primary driver. The findings are subject to peer review.",0,REAL
EXPOSED: The Brazil cover-up nobody is talking,The Brazil cover-up nobody is talking about: vaccine distribution has been increased since 2019. Wake up people — this is happening RIGHT NOW!! #WakeUp #TruthBomb,1,FAKE
An independent audit commissioned by cdc,An independent audit commissioned by CDC found no evidence of misconduct related to climate policy in 2023. Full data is available in the supplementary report.,0,REAL
A new analysis by reuters shows,"A new analysis by Reuters shows that vaccine distribution trends have remained under scrutiny over the past 2640 months, according to verified data. The findings are subject to peer review.",0,REAL
MUST READ: They laughed when he said agricultural,They laughed when he said agricultural output was under review. Now the whole world knows the TRUTH about NASA and their secret agenda!! This is what THEY don't want you to see...,1,FAKE
EXPOSED: EXCLUSIVE: Whistleblower inside Red Cross confirms,EXCLUSIVE: Whistleblower inside Red Cross confirms economic forecasting is a FRAUD. Everything you were taught about health outcomes is a LIE. This is what THEY don't want you to see...,1,FAKE
"The director, speaking at a press","The Director, speaking at a press conference, confirmed that agricultural output remains under review. Transparency remains a stated priority. The findings are subject to peer review.",0,REAL
SHOCKING: They don't want you to know,They don't want you to know this about agricultural output!! A brave insider exposes how CDC has been decreased for years. SHARE before it gets deleted!! This is what THEY don't want you to see...,1,FAKE
Researchers at oxford university have found,"Researchers at Oxford University have found that infrastructure development correlates with health outcomes. The study, peer-reviewed and published in JAMA, examined 2495 cases. Full data is available in the supplementary report.",0,REAL
An independent audit commissioned by imf,An independent audit commissioned by IMF found no evidence of misconduct related to infrastructure development in 2020. Full data is available in the supplementary report.,0,REAL
Scientists from cambridge university published findings,Scientists from Cambridge University published findings suggesting that urban housing supply may decreased under certain conditions. The research involved 1412 participants. Further investigation is ongoing.,0,REAL
WARNING: 100% CONFIRMED: agricultural output causes health,100% CONFIRMED: agricultural output causes health outcomes!! Big Reuters will NEVER let this reach the public. One doctor finally speaks out!! This is what THEY don't want you to see...,1,FAKE
SHOCKING: URGENT: Forward this to everyone you,URGENT: Forward this to everyone you know!! digital privacy regulation is being decreased by elites who control WHO. The proof is UNDENIABLE. This is what THEY don't want you to see... #WakeUp #TruthBomb,1,FAKE
Global markets responded under scrutiny to,"Global markets responded under scrutiny to news that climate policy would shifted significantly, with analysts pointing to global trade dynamics as a key factor. Further investigation is ongoing.",0,REAL
MUST READ: Scientists SILENCED after discovering urban housing,Scientists SILENCED after discovering urban housing supply actually shown measurable improvement!! Red Cross paid millions to keep this hidden from the public. This is what THEY don't want you to see...,1,FAKE
WARNING: They laughed when he said infrastructure,They laughed when he said infrastructure development was improving. Now the whole world knows the TRUTH about WHO and their secret agenda!! #WakeUp #TruthBomb,1,FAKE
SHOCKING: MUST READ: How A spokesperson lied,MUST READ: How A spokesperson lied to ALL of us about climate policy. The evidence they buried could stabilized everything you believe!!,1,FAKE
EXPOSED: The Japan cover-up nobody is talking,The Japan cover-up nobody is talking about: infrastructure development has been shown measurable improvement since 2023. Wake up people — this is happening RIGHT NOW!!,1,FAKE
WARNING: They don't want you to know,They don't want you to know this about digital privacy regulation!! A brave insider exposes how Federal Reserve has been shown measurable improvement for years. SHARE before it gets deleted!! This is what THEY don't want you to see...,1,FAKE
The south korea government announced on,The South Korea government announced on Friday that new legislation regarding infrastructure development will take effect in September. Experts say the measure aims to improve transparency. The findings are subject to peer review.,0,REAL
MUST READ: SHOCKING: public health funding is secretly,SHOCKING: public health funding is secretly decreased and the mainstream media REFUSES to report this!! Sources close to the situation reveal the TRUTH. #WakeUp #TruthBomb,1,FAKE
WARNING: Scientists SILENCED after discovering infrastructure development,Scientists SILENCED after discovering infrastructure development actually decreased!! WHO paid millions to keep this hidden from the public. #WakeUp #TruthBomb,1,FAKE
MUST READ: This bombshell report on agricultural output,This bombshell report on agricultural output was REMOVED from the internet within hours. We saved a copy — read it before it disappears AGAIN.,1,FAKE
BREAKING: Scientists SILENCED after discovering economic forecasting,Scientists SILENCED after discovering economic forecasting actually stabilized!! NASA paid millions to keep this hidden from the public.,1,FAKE
MUST READ: URGENT: Forward this to everyone you,URGENT: Forward this to everyone you know!! climate policy is being shown measurable improvement by elites who control WHO. The proof is UNDENIABLE. This is what THEY don't want you to see... #WakeUp #TruthBomb,1,FAKE
WARNING: They don't want you to know,They don't want you to know this about infrastructure development!! A brave insider exposes how IMF has been shifted significantly for years. SHARE before it gets deleted!! This is what THEY don't want you to see...,1,FAKE
The joint committee on agricultural output,"The joint committee on agricultural output released its quarterly findings, noting a 47.5% stabilized since 2024. Further investigation is ongoing.",0,REAL
EXPOSED: EXCLUSIVE: Whistleblower inside OECD confirms urban,EXCLUSIVE: Whistleblower inside OECD confirms urban housing supply is a FRAUD. Everything you were taught about migration patterns is a LIE.,1,FAKE
MUST READ: BREAKING: The Director caught red-handed!! New,BREAKING: The Director caught red-handed!! New evidence proves trade agreement terms has been decreased all along. The deep state is trying to HIDE this!!,1,FAKE
The joint committee on economic forecasting,"The joint committee on economic forecasting released its quarterly findings, noting a 41.2% shifted significantly since 2020. The findings are subject to peer review.",0,REAL
MUST READ: They laughed when he said infrastructure,They laughed when he said infrastructure development was improving. Now the whole world knows the TRUTH about WHO and their secret agenda!! #WakeUp #TruthBomb,1,FAKE
Data released by cambridge university researchers,"Data released by Cambridge University researchers indicate that urban housing supply affects approximately 2083 people annually, prompting calls for improve transparency. Independent experts have yet to comment.",0,REAL
BREAKING: 100% CONFIRMED: infrastructure development causes economic,100% CONFIRMED: infrastructure development causes economic inequality!! Big Reuters will NEVER let this reach the public. One doctor finally speaks out!! This is what THEY don't want you to see... #WakeUp #TruthBomb,1,FAKE
According to a report published by,"According to a report published by WHO, urban housing supply has shown measurable improvement by 37.2% in 2022. Officials cited increased investment as the primary driver. Full data is available in the supplementary report.",0,REAL
MUST READ: BREAKING: The Director caught red-handed!! New,BREAKING: The Director caught red-handed!! New evidence proves public health funding has been shown measurable improvement all along. The deep state is trying to HIDE this!! This is what THEY don't want you to see... #WakeUp #TruthBomb,1,FAKE
SHOCKING: The Germany cover-up nobody is talking,The Germany cover-up nobody is talking about: trade agreement terms has been increased since 2019. Wake up people — this is happening RIGHT NOW!! This is what THEY don't want you to see...,1,FAKE
WARNING: The India cover-up nobody is talking,The India cover-up nobody is talking about: economic forecasting has been shown measurable improvement since 2022. Wake up people — this is happening RIGHT NOW!! This is what THEY don't want you to see...,1,FAKE
WARNING: 100% CONFIRMED: digital privacy regulation causes,100% CONFIRMED: digital privacy regulation causes economic inequality!! Big Federal Reserve will NEVER let this reach the public. One doctor finally speaks out!!,1,FAKE
According to a senior analyst from,"According to A senior analyst from the OECD, the climate policy initiative has reached 24.5% of its stated objective for 2024. Full data is available in the supplementary report.",0,REAL
According to a senior analyst from,"According to A senior analyst from the IMF, the renewable energy adoption initiative has reached 4.0% of its stated objective for 2021. Independent experts have yet to comment.",0,REAL
BREAKING: BREAKING: The Director caught red-handed!! New,BREAKING: The Director caught red-handed!! New evidence proves urban housing supply has been stabilized all along. The deep state is trying to HIDE this!!,1,FAKE
A new analysis by reuters shows,"A new analysis by Reuters shows that renewable energy adoption trends have remained stable over the past 3330 months, according to verified data. Full data is available in the supplementary report.",0,REAL
"The director, speaking at a press","The Director, speaking at a press conference, confirmed that public health funding remains under scrutiny. Transparency remains a stated priority. Independent experts have yet to comment.",0,REAL
MUST READ: BREAKING: A spokesperson caught red-handed!! New,BREAKING: A spokesperson caught red-handed!! New evidence proves infrastructure development has been decreased all along. The deep state is trying to HIDE this!! This is what THEY don't want you to see...,1,FAKE
The brazil government announced on tuesday,The Brazil government announced on Tuesday that new legislation regarding economic forecasting will take effect in March. Experts say the measure aims to stabilize markets. Full data is available in the supplementary report.,0,REAL
According to a report published by,"According to a report published by UN, infrastructure development has shifted significantly by 24.0% in 2020. Officials cited global trade dynamics as the primary driver. The findings are subject to peer review.",0,REAL
WARNING: WARNING: The infrastructure development agenda exposed,WARNING: The infrastructure development agenda exposed!! What Germany government is REALLY doing will make your blood boil. Real patriots must act NOW!! This is what THEY don't want you to see...,1,FAKE
WARNING: MUST READ: How A senior analyst,MUST READ: How A senior analyst lied to ALL of us about trade agreement terms. The evidence they buried could shifted significantly everything you believe!! #WakeUp #TruthBomb,1,FAKE
EXPOSED: They laughed when he said public,They laughed when he said public health funding was under scrutiny. Now the whole world knows the TRUTH about UN and their secret agenda!!,1,FAKE
Researchers at oxford university have found,"Researchers at Oxford University have found that economic forecasting correlates with migration patterns. The study, peer-reviewed and published in Nature, examined 745 cases. Full data is available in the supplementary report.",0,REAL
WARNING: MUST READ: How A senior analyst,MUST READ: How A senior analyst lied to ALL of us about digital privacy regulation. The evidence they buried could stabilized everything you believe!! This is what THEY don't want you to see...,1,FAKE
An independent audit commissioned by red,An independent audit commissioned by Red Cross found no evidence of misconduct related to public health funding in 2020. Independent experts have yet to comment.,0,REAL
SHOCKING: SHOCKING: renewable energy adoption is secretly,SHOCKING: renewable energy adoption is secretly shifted significantly and the mainstream media REFUSES to report this!! Sources close to the situation reveal the TRUTH. This is what THEY don't want you to see...,1,FAKE
WARNING: 100% CONFIRMED: agricultural output causes economic,100% CONFIRMED: agricultural output causes economic inequality!! Big NASA will NEVER let this reach the public. One doctor finally speaks out!!,1,FAKE
Global markets responded within normal parameters,"Global markets responded within normal parameters to news that vaccine distribution would decreased, with analysts pointing to policy reform as a key factor. The findings are subject to peer review.",0,REAL
An independent audit commissioned by oecd,An independent audit commissioned by OECD found no evidence of misconduct related to climate policy in 2024. The findings are subject to peer review.,0,REAL
Data released by cambridge university researchers,"Data released by Cambridge University researchers indicate that public health funding affects approximately 1792 people annually, prompting calls for protect civil liberties. Full data is available in the supplementary report.",0,REAL
WARNING: SHOCKING: public health funding is secretly,SHOCKING: public health funding is secretly shown measurable improvement and the mainstream media REFUSES to report this!! Sources close to the situation reveal the TRUTH. This is what THEY don't want you to see...,1,FAKE
"The committee chair, speaking at a","The committee chair, speaking at a press conference, confirmed that infrastructure development remains within normal parameters. Transparency remains a stated priority. Independent experts have yet to comment.",0,REAL
An independent audit commissioned by imf,An independent audit commissioned by IMF found no evidence of misconduct related to renewable energy adoption in 2022. The findings are subject to peer review.,0,REAL
BREAKING: MUST READ: How The committee chair,MUST READ: How The committee chair lied to ALL of us about digital privacy regulation. The evidence they buried could shifted significantly everything you believe!! This is what THEY don't want you to see...,1,FAKE
SHOCKING: MUST READ: How A senior analyst,MUST READ: How A senior analyst lied to ALL of us about agricultural output. The evidence they buried could shown measurable improvement everything you believe!! This is what THEY don't want you to see...,1,FAKE
According to a report published by,"According to a report published by IMF, urban housing supply has stabilized by 33.5% in 2023. Officials cited global trade dynamics as the primary driver. The findings are subject to peer review.",0,REAL
According to a senior researcher from,"According to A senior researcher from the IMF, the trade agreement terms initiative has reached 26.8% of its stated objective for 2021. The findings are subject to peer review.",0,REAL
BREAKING: Scientists SILENCED after discovering urban housing,Scientists SILENCED after discovering urban housing supply actually shown measurable improvement!! NASA paid millions to keep this hidden from the public. This is what THEY don't want you to see...,1,FAKE
An independent audit commissioned by world,An independent audit commissioned by World Bank found no evidence of misconduct related to agricultural output in 2023. Further investigation is ongoing.,0,REAL
A new analysis by red cross,"A new analysis by Red Cross shows that digital privacy regulation trends have remained within normal parameters over the past 4546 months, according to verified data. Further investigation is ongoing.",0,REAL
"A senior researcher, speaking at a","A senior researcher, speaking at a press conference, confirmed that infrastructure development remains within normal parameters. Transparency remains a stated priority. Independent experts have yet to comment.",0,REAL
BREAKING: Scientists SILENCED after discovering public health,Scientists SILENCED after discovering public health funding actually stabilized!! Reuters paid millions to keep this hidden from the public. #WakeUp #TruthBomb,1,FAKE
EXPOSED: They laughed when he said climate,They laughed when he said climate policy was stable. Now the whole world knows the TRUTH about World Bank and their secret agenda!! This is what THEY don't want you to see...,1,FAKE
A new analysis by reuters shows,"A new analysis by Reuters shows that renewable energy adoption trends have remained improving over the past 4965 months, according to verified data. Independent experts have yet to comment.",0,REAL
"The committee chair, speaking at a","The committee chair, speaking at a press conference, confirmed that urban housing supply remains within normal parameters. Transparency remains a stated priority. Further investigation is ongoing.",0,REAL
According to a spokesperson from the,"According to A spokesperson from the NASA, the public health funding initiative has reached 27.2% of its stated objective for 2023. Full data is available in the supplementary report.",0,REAL
MUST READ: MUST READ: How The Director lied,MUST READ: How The Director lied to ALL of us about digital privacy regulation. The evidence they buried could stabilized everything you believe!!,1,FAKE
Researchers at harvard medical school have,"Researchers at Harvard Medical School have found that vaccine distribution correlates with public trust. The study, peer-reviewed and published in PLOS ONE, examined 2210 cases. Full data is available in the supplementary report.",0,REAL
According to a senior analyst from,"According to A senior analyst from the CDC, the vaccine distribution initiative has reached 35.2% of its stated objective for 2022. Further investigation is ongoing.",0,REAL
MUST READ: SHOCKING: climate policy is secretly shown,SHOCKING: climate policy is secretly shown measurable improvement and the mainstream media REFUSES to report this!! Sources close to the situation reveal the TRUTH. This is what THEY don't want you to see... #WakeUp #TruthBomb,1,FAKE
WARNING: MUST READ: How A spokesperson lied,MUST READ: How A spokesperson lied to ALL of us about economic forecasting. The evidence they buried could decreased everything you believe!! This is what THEY don't want you to see... #WakeUp #TruthBomb,1,FAKE
EXPOSED: They laughed when he said infrastructure,They laughed when he said infrastructure development was under review. Now the whole world knows the TRUTH about Red Cross and their secret agenda!! This is what THEY don't want you to see...,1,FAKE
MUST READ: They don't want you to know,They don't want you to know this about public health funding!! A brave insider exposes how OECD has been shifted significantly for years. SHARE before it gets deleted!!,1,FAKE
An independent audit commissioned by cdc,An independent audit commissioned by CDC found no evidence of misconduct related to urban housing supply in 2019. Full data is available in the supplementary report.,0,REAL
"A senior researcher, speaking at a","A senior researcher, speaking at a press conference, confirmed that economic forecasting remains stable. Transparency remains a stated priority. Independent experts have yet to comment.",0,REAL
MUST READ: WARNING: The vaccine distribution agenda exposed,WARNING: The vaccine distribution agenda exposed!! What Germany government is REALLY doing will make your blood boil. Real patriots must act NOW!! This is what THEY don't want you to see...,1,FAKE
A new analysis by world bank,"A new analysis by World Bank shows that vaccine distribution trends have remained under scrutiny over the past 676 months, according to verified data. Further investigation is ongoing.",0,REAL
"A senior analyst, speaking at a","A senior analyst, speaking at a press conference, confirmed that agricultural output remains improving. Transparency remains a stated priority. Full data is available in the supplementary report.",0,REAL
SHOCKING: BREAKING: A spokesperson caught red-handed!! New,BREAKING: A spokesperson caught red-handed!! New evidence proves infrastructure development has been decreased all along. The deep state is trying to HIDE this!! This is what THEY don't want you to see... #WakeUp #TruthBomb,1,FAKE
BREAKING: They don't want you to know,They don't want you to know this about renewable energy adoption!! A brave insider exposes how CDC has been decreased for years. SHARE before it gets deleted!! This is what THEY don't want you to see... #WakeUp #TruthBomb,1,FAKE
WARNING: This bombshell report on climate policy,This bombshell report on climate policy was REMOVED from the internet within hours. We saved a copy — read it before it disappears AGAIN. This is what THEY don't want you to see...,1,FAKE
Local authorities in india confirmed that,Local authorities in India confirmed that digital privacy regulation is under review. The CDC released a detailed statement citing global trade dynamics. The findings are subject to peer review.,0,REAL
Global markets responded within normal parameters,"Global markets responded within normal parameters to news that economic forecasting would stabilized, with analysts pointing to policy reform as a key factor. Further investigation is ongoing.",0,REAL
Researchers at stanford university have found,"Researchers at Stanford University have found that trade agreement terms correlates with migration patterns. The study, peer-reviewed and published in PLOS ONE, examined 3938 cases. The findings are subject to peer review.",0,REAL
According to a report published by,"According to a report published by OECD, digital privacy regulation has shifted significantly by 47.8% in 2021. Officials cited policy reform as the primary driver. Further investigation is ongoing.",0,REAL
A new analysis by red cross,"A new analysis by Red Cross shows that digital privacy regulation trends have remained under review over the past 2103 months, according to verified data. The findings are subject to peer review.",0,REAL
Researchers at cambridge university have found,"Researchers at Cambridge University have found that trade agreement terms correlates with public trust. The study, peer-reviewed and published in Cell, examined 4407 cases. The findings are subject to peer review.",0,REAL
WARNING: EXCLUSIVE: Whistleblower inside UN confirms urban,EXCLUSIVE: Whistleblower inside UN confirms urban housing supply is a FRAUD. Everything you were taught about migration patterns is a LIE. This is what THEY don't want you to see...,1,FAKE
EXPOSED: MUST READ: How A senior analyst,MUST READ: How A senior analyst lied to ALL of us about renewable energy adoption. The evidence they buried could shown measurable improvement everything you believe!! #WakeUp #TruthBomb,1,FAKE
According to a report published by,"According to a report published by NASA, infrastructure development has shifted significantly by 34.6% in 2024. Officials cited technological adoption as the primary driver. Further investigation is ongoing.",0,REAL
EXPOSED: BREAKING: A spokesperson caught red-handed!! New,BREAKING: A spokesperson caught red-handed!! New evidence proves public health funding has been decreased all along. The deep state is trying to HIDE this!! #WakeUp #TruthBomb,1,FAKE
BREAKING: WARNING: The trade agreement terms agenda,WARNING: The trade agreement terms agenda exposed!! What Brazil government is REALLY doing will make your blood boil. Real patriots must act NOW!!,1,FAKE
WARNING: BREAKING: The committee chair caught red-handed,BREAKING: The committee chair caught red-handed!! New evidence proves renewable energy adoption has been decreased all along. The deep state is trying to HIDE this!!,1,FAKE
EXPOSED: MUST READ: How The committee chair,MUST READ: How The committee chair lied to ALL of us about public health funding. The evidence they buried could shown measurable improvement everything you believe!!,1,FAKE
EXPOSED: MUST READ: How The Director lied,MUST READ: How The Director lied to ALL of us about vaccine distribution. The evidence they buried could shown measurable improvement everything you believe!! #WakeUp #TruthBomb,1,FAKE
BREAKING: 100% CONFIRMED: renewable energy adoption causes,100% CONFIRMED: renewable energy adoption causes productivity levels!! Big WHO will NEVER let this reach the public. One doctor finally speaks out!! This is what THEY don't want you to see...,1,FAKE
SHOCKING: They laughed when he said agricultural,They laughed when he said agricultural output was stable. Now the whole world knows the TRUTH about Red Cross and their secret agenda!! This is what THEY don't want you to see... #WakeUp #TruthBomb,1,FAKE
A new analysis by oecd shows,"A new analysis by OECD shows that vaccine distribution trends have remained within normal parameters over the past 789 months, according to verified data. The findings are subject to peer review.",0,REAL
BREAKING: The Germany cover-up nobody is talking,The Germany cover-up nobody is talking about: infrastructure development has been shown measurable improvement since 2024. Wake up people — this is happening RIGHT NOW!! #WakeUp #TruthBomb,1,FAKE
An independent audit commissioned by imf,An independent audit commissioned by IMF found no evidence of misconduct related to digital privacy regulation in 2021. Full data is available in the supplementary report.,0,REAL
SHOCKING: They don't want you to know,They don't want you to know this about economic forecasting!! A brave insider exposes how Red Cross has been stabilized for years. SHARE before it gets deleted!!,1,FAKE
According to the director from the,"According to The Director from the UN, the vaccine distribution initiative has reached 16.4% of its stated objective for 2020. Independent experts have yet to comment.",0,REAL
SHOCKING: The Canada cover-up nobody is talking,The Canada cover-up nobody is talking about: digital privacy regulation has been increased since 2023. Wake up people — this is happening RIGHT NOW!! This is what THEY don't want you to see...,1,FAKE
Global markets responded within normal parameters,"Global markets responded within normal parameters to news that digital privacy regulation would increased, with analysts pointing to increased investment as a key factor. Full data is available in the supplementary report.",0,REAL
SHOCKING: The India cover-up nobody is talking,The India cover-up nobody is talking about: public health funding has been shown measurable improvement since 2024. Wake up people — this is happening RIGHT NOW!! This is what THEY don't want you to see...,1,FAKE
EXPOSED: WARNING: The agricultural output agenda exposed,WARNING: The agricultural output agenda exposed!! What Australia government is REALLY doing will make your blood boil. Real patriots must act NOW!! This is what THEY don't want you to see... #WakeUp #TruthBomb,1,FAKE
MUST READ: MUST READ: How A spokesperson lied,MUST READ: How A spokesperson lied to ALL of us about renewable energy adoption. The evidence they buried could decreased everything you believe!!,1,FAKE
MUST READ: BREAKING: A senior researcher caught red-handed,BREAKING: A senior researcher caught red-handed!! New evidence proves urban housing supply has been shown measurable improvement all along. The deep state is trying to HIDE this!!,1,FAKE
EXPOSED: Scientists SILENCED after discovering vaccine distribution,Scientists SILENCED after discovering vaccine distribution actually shifted significantly!! CDC paid millions to keep this hidden from the public. This is what THEY don't want you to see...,1,FAKE
An independent audit commissioned by un,An independent audit commissioned by UN found no evidence of misconduct related to infrastructure development in 2022. Further investigation is ongoing.,0,REAL
SHOCKING: URGENT: Forward this to everyone you,URGENT: Forward this to everyone you know!! urban housing supply is being shown measurable improvement by elites who control OECD. The proof is UNDENIABLE. This is what THEY don't want you to see... #WakeUp #TruthBomb,1,FAKE
SHOCKING: They don't want you to know,They don't want you to know this about renewable energy adoption!! A brave insider exposes how WHO has been shown measurable improvement for years. SHARE before it gets deleted!!,1,FAKE
SHOCKING: They laughed when he said climate,They laughed when he said climate policy was under scrutiny. Now the whole world knows the TRUTH about CDC and their secret agenda!!,1,FAKE
WARNING: WARNING: The digital privacy regulation agenda,WARNING: The digital privacy regulation agenda exposed!! What France government is REALLY doing will make your blood boil. Real patriots must act NOW!! #WakeUp #TruthBomb,1,FAKE
According to a report published by,"According to a report published by Federal Reserve, vaccine distribution has shifted significantly by 17.0% in 2019. Officials cited shifting demographics as the primary driver. The findings are subject to peer review.",0,REAL
An independent audit commissioned by reuters,An independent audit commissioned by Reuters found no evidence of misconduct related to agricultural output in 2020. Full data is available in the supplementary report.,0,REAL
WARNING: EXCLUSIVE: Whistleblower inside UN confirms renewable,EXCLUSIVE: Whistleblower inside UN confirms renewable energy adoption is a FRAUD. Everything you were taught about productivity levels is a LIE. This is what THEY don't want you to see...,1,FAKE
"The director, speaking at a press","The Director, speaking at a press conference, confirmed that economic forecasting remains improving. Transparency remains a stated priority. Independent experts have yet to comment.",0,REAL
"The director, speaking at a press","The Director, speaking at a press conference, confirmed that public health funding remains under review. Transparency remains a stated priority. Further investigation is ongoing.",0,REAL
An independent audit commissioned by oecd,An independent audit commissioned by OECD found no evidence of misconduct related to agricultural output in 2022. The findings are subject to peer review.,0,REAL
BREAKING: EXCLUSIVE: Whistleblower inside Federal Reserve confirms,EXCLUSIVE: Whistleblower inside Federal Reserve confirms urban housing supply is a FRAUD. Everything you were taught about economic inequality is a LIE.,1,FAKE
According to a senior researcher from,"According to A senior researcher from the World Bank, the economic forecasting initiative has reached 22.4% of its stated objective for 2020. Independent experts have yet to comment.",0,REAL
A new analysis by nasa shows,"A new analysis by NASA shows that trade agreement terms trends have remained under scrutiny over the past 509 months, according to verified data. Independent experts have yet to comment.",0,REAL
MUST READ: The Brazil cover-up nobody is talking,The Brazil cover-up nobody is talking about: agricultural output has been stabilized since 2020. Wake up people — this is happening RIGHT NOW!! This is what THEY don't want you to see...,1,FAKE
SHOCKING: SHOCKING: digital privacy regulation is secretly,SHOCKING: digital privacy regulation is secretly increased and the mainstream media REFUSES to report this!! Sources close to the situation reveal the TRUTH. This is what THEY don't want you to see... #WakeUp #TruthBomb,1,FAKE
WARNING: The France cover-up nobody is talking,The France cover-up nobody is talking about: public health funding has been stabilized since 2021. Wake up people — this is happening RIGHT NOW!! This is what THEY don't want you to see...,1,FAKE
SHOCKING: SHOCKING: economic forecasting is secretly stabilized,SHOCKING: economic forecasting is secretly stabilized and the mainstream media REFUSES to report this!! Sources close to the situation reveal the TRUTH. This is what THEY don't want you to see... #WakeUp #TruthBomb,1,FAKE
MUST READ: 100% CONFIRMED: renewable energy adoption causes,100% CONFIRMED: renewable energy adoption causes migration patterns!! Big UN will NEVER let this reach the public. One doctor finally speaks out!!,1,FAKE
BREAKING: This bombshell report on climate policy,This bombshell report on climate policy was REMOVED from the internet within hours. We saved a copy — read it before it disappears AGAIN.,1,FAKE
"A senior researcher, speaking at a","A senior researcher, speaking at a press conference, confirmed that climate policy remains improving. Transparency remains a stated priority. Full data is available in the supplementary report.",0,REAL
According to a report published by,"According to a report published by Red Cross, infrastructure development has shown measurable improvement by 35.5% in 2020. Officials cited increased investment as the primary driver. Further investigation is ongoing.",0,REAL
SHOCKING: The Canada cover-up nobody is talking,The Canada cover-up nobody is talking about: urban housing supply has been shown measurable improvement since 2023. Wake up people — this is happening RIGHT NOW!! #WakeUp #TruthBomb,1,FAKE
Scientists from johns hopkins university published,Scientists from Johns Hopkins University published findings suggesting that trade agreement terms may increased under certain conditions. The research involved 2481 participants. Full data is available in the supplementary report.,0,REAL
MUST READ: BREAKING: The committee chair caught red-handed,BREAKING: The committee chair caught red-handed!! New evidence proves climate policy has been decreased all along. The deep state is trying to HIDE this!!,1,FAKE
Data released by mit researchers indicate,"Data released by MIT researchers indicate that agricultural output affects approximately 1824 people annually, prompting calls for protect civil liberties. Full data is available in the supplementary report.",0,REAL
BREAKING: WARNING: The urban housing supply agenda,WARNING: The urban housing supply agenda exposed!! What Japan government is REALLY doing will make your blood boil. Real patriots must act NOW!! This is what THEY don't want you to see... #WakeUp #TruthBomb,1,FAKE
Local authorities in australia confirmed that,Local authorities in Australia confirmed that climate policy is under review. The Federal Reserve released a detailed statement citing policy reform. The findings are subject to peer review.,0,REAL
Local authorities in south korea confirmed,Local authorities in South Korea confirmed that agricultural output is under review. The Federal Reserve released a detailed statement citing shifting demographics. The findings are subject to peer review.,0,REAL
Researchers at harvard medical school have,"Researchers at Harvard Medical School have found that renewable energy adoption correlates with productivity levels. The study, peer-reviewed and published in JAMA, examined 3012 cases. Further investigation is ongoing.",0,REAL
According to a spokesperson from the,"According to A spokesperson from the World Bank, the public health funding initiative has reached 47.3% of its stated objective for 2023. Further investigation is ongoing.",0,REAL
According to a report published by,"According to a report published by OECD, climate policy has decreased by 33.7% in 2020. Officials cited shifting demographics as the primary driver. The findings are subject to peer review.",0,REAL
MUST READ: SHOCKING: urban housing supply is secretly,SHOCKING: urban housing supply is secretly stabilized and the mainstream media REFUSES to report this!! Sources close to the situation reveal the TRUTH. This is what THEY don't want you to see...,1,FAKE
Data released by stanford university researchers,"Data released by Stanford University researchers indicate that renewable energy adoption affects approximately 1888 people annually, prompting calls for improve transparency. The findings are subject to peer review.",0,REAL
EXPOSED: Scientists SILENCED after discovering vaccine distribution,Scientists SILENCED after discovering vaccine distribution actually increased!! NASA paid millions to keep this hidden from the public. This is what THEY don't want you to see...,1,FAKE
"A senior analyst, speaking at a","A senior analyst, speaking at a press conference, confirmed that renewable energy adoption remains under review. Transparency remains a stated priority. Full data is available in the supplementary report.",0,REAL
BREAKING: MUST READ: How The Director lied,MUST READ: How The Director lied to ALL of us about infrastructure development. The evidence they buried could decreased everything you believe!! This is what THEY don't want you to see...,1,FAKE
Data released by oxford university researchers,"Data released by Oxford University researchers indicate that trade agreement terms affects approximately 1800 people annually, prompting calls for accelerate development. The findings are subject to peer review.",0,REAL
SHOCKING: BREAKING: The Director caught red-handed!! New,BREAKING: The Director caught red-handed!! New evidence proves renewable energy adoption has been shifted significantly all along. The deep state is trying to HIDE this!! This is what THEY don't want you to see...,1,FAKE
Data released by harvard medical school,"Data released by Harvard Medical School researchers indicate that trade agreement terms affects approximately 2732 people annually, prompting calls for reduce inequality. Further investigation is ongoing.",0,REAL
WARNING: URGENT: Forward this to everyone you,URGENT: Forward this to everyone you know!! agricultural output is being shown measurable improvement by elites who control World Bank. The proof is UNDENIABLE.,1,FAKE
MUST READ: The Brazil cover-up nobody is talking,The Brazil cover-up nobody is talking about: climate policy has been stabilized since 2022. Wake up people — this is happening RIGHT NOW!!,1,FAKE
EXPOSED: MUST READ: How The committee chair,MUST READ: How The committee chair lied to ALL of us about public health funding. The evidence they buried could shown measurable improvement everything you believe!! This is what THEY don't want you to see...,1,FAKE
According to a report published by,"According to a report published by Federal Reserve, urban housing supply has shown measurable improvement by 33.9% in 2021. Officials cited policy reform as the primary driver. Full data is available in the supplementary report.",0,REAL
SHOCKING: SHOCKING: vaccine distribution is secretly decreased,SHOCKING: vaccine distribution is secretly decreased and the mainstream media REFUSES to report this!! Sources close to the situation reveal the TRUTH.,1,FAKE
Scientists from mit published findings suggesting,Scientists from MIT published findings suggesting that renewable energy adoption may stabilized under certain conditions. The research involved 3833 participants. Full data is available in the supplementary report.,0,REAL
BREAKING: They laughed when he said vaccine,They laughed when he said vaccine distribution was under review. Now the whole world knows the TRUTH about CDC and their secret agenda!! This is what THEY don't want you to see...,1,FAKE
An independent audit commissioned by reuters,An independent audit commissioned by Reuters found no evidence of misconduct related to agricultural output in 2020. Further investigation is ongoing.,0,REAL
Researchers at harvard medical school have,"Researchers at Harvard Medical School have found that urban housing supply correlates with migration patterns. The study, peer-reviewed and published in JAMA, examined 2366 cases. Independent experts have yet to comment.",0,REAL
A new analysis by world bank,"A new analysis by World Bank shows that renewable energy adoption trends have remained under review over the past 1523 months, according to verified data. The findings are subject to peer review.",0,REAL
Global markets responded under review to,"Global markets responded under review to news that digital privacy regulation would increased, with analysts pointing to policy reform as a key factor. Independent experts have yet to comment.",0,REAL
Data released by cambridge university researchers,"Data released by Cambridge University researchers indicate that trade agreement terms affects approximately 371 people annually, prompting calls for improve transparency. Further investigation is ongoing.",0,REAL
According to a spokesperson from the,"According to A spokesperson from the NASA, the agricultural output initiative has reached 36.6% of its stated objective for 2019. Full data is available in the supplementary report.",0,REAL
An independent audit commissioned by nasa,An independent audit commissioned by NASA found no evidence of misconduct related to economic forecasting in 2022. Independent experts have yet to comment.,0,REAL
According to a spokesperson from the,"According to A spokesperson from the CDC, the agricultural output initiative has reached 8.0% of its stated objective for 2021. Independent experts have yet to comment.",0,REAL
Local authorities in south korea confirmed,Local authorities in South Korea confirmed that public health funding is under review. The OECD released a detailed statement citing shifting demographics. Full data is available in the supplementary report.,0,REAL
WARNING: They laughed when he said vaccine,They laughed when he said vaccine distribution was under review. Now the whole world knows the TRUTH about UN and their secret agenda!! This is what THEY don't want you to see...,1,FAKE
Local authorities in canada confirmed that,Local authorities in Canada confirmed that economic forecasting is under review. The NASA released a detailed statement citing policy reform. Independent experts have yet to comment.,0,REAL
Global markets responded stable to news,"Global markets responded stable to news that renewable energy adoption would decreased, with analysts pointing to global trade dynamics as a key factor. Independent experts have yet to comment.",0,REAL
According to the director from the,"According to The Director from the IMF, the trade agreement terms initiative has reached 20.1% of its stated objective for 2021. Further investigation is ongoing.",0,REAL
The joint committee on agricultural output,"The joint committee on agricultural output released its quarterly findings, noting a 40.3% increased since 2022. The findings are subject to peer review.",0,REAL
BREAKING: EXCLUSIVE: Whistleblower inside CDC confirms digital,EXCLUSIVE: Whistleblower inside CDC confirms digital privacy regulation is a FRAUD. Everything you were taught about public trust is a LIE.,1,FAKE
EXPOSED: BREAKING: The Director caught red-handed!! New,BREAKING: The Director caught red-handed!! New evidence proves digital privacy regulation has been decreased all along. The deep state is trying to HIDE this!!,1,FAKE
WARNING: 100% CONFIRMED: renewable energy adoption causes,100% CONFIRMED: renewable energy adoption causes economic inequality!! Big World Bank will NEVER let this reach the public. One doctor finally speaks out!!,1,FAKE
The joint committee on renewable energy,"The joint committee on renewable energy adoption released its quarterly findings, noting a 31.9% shifted significantly since 2021. Further investigation is ongoing.",0,REAL
WARNING: URGENT: Forward this to everyone you,URGENT: Forward this to everyone you know!! urban housing supply is being decreased by elites who control UN. The proof is UNDENIABLE. This is what THEY don't want you to see...,1,FAKE
WARNING: This bombshell report on public health,This bombshell report on public health funding was REMOVED from the internet within hours. We saved a copy — read it before it disappears AGAIN.,1,FAKE
SHOCKING: Scientists SILENCED after discovering digital privacy,Scientists SILENCED after discovering digital privacy regulation actually shifted significantly!! UN paid millions to keep this hidden from the public.,1,FAKE
Local authorities in canada confirmed that,Local authorities in Canada confirmed that public health funding is under review. The Red Cross released a detailed statement citing increased investment. Further investigation is ongoing.,0,REAL
BREAKING: Scientists SILENCED after discovering economic forecasting,Scientists SILENCED after discovering economic forecasting actually shifted significantly!! CDC paid millions to keep this hidden from the public.,1,FAKE
SHOCKING: They don't want you to know,They don't want you to know this about economic forecasting!! A brave insider exposes how NASA has been stabilized for years. SHARE before it gets deleted!! #WakeUp #TruthBomb,1,FAKE
A new analysis by un shows,"A new analysis by UN shows that renewable energy adoption trends have remained under scrutiny over the past 1261 months, according to verified data. Full data is available in the supplementary report.",0,REAL
According to a report published by,"According to a report published by UN, infrastructure development has shown measurable improvement by 15.4% in 2024. Officials cited technological adoption as the primary driver. The findings are subject to peer review.",0,REAL
Scientists from stanford university published findings,Scientists from Stanford University published findings suggesting that public health funding may shifted significantly under certain conditions. The research involved 3866 participants. The findings are subject to peer review.,0,REAL
BREAKING: EXCLUSIVE: Whistleblower inside World Bank confirms,EXCLUSIVE: Whistleblower inside World Bank confirms economic forecasting is a FRAUD. Everything you were taught about public trust is a LIE. This is what THEY don't want you to see... #WakeUp #TruthBomb,1,FAKE
"A spokesperson, speaking at a press","A spokesperson, speaking at a press conference, confirmed that public health funding remains improving. Transparency remains a stated priority. Independent experts have yet to comment.",0,REAL
EXPOSED: They don't want you to know,They don't want you to know this about renewable energy adoption!! A brave insider exposes how Reuters has been stabilized for years. SHARE before it gets deleted!! This is what THEY don't want you to see...,1,FAKE
Researchers at stanford university have found,"Researchers at Stanford University have found that digital privacy regulation correlates with migration patterns. The study, peer-reviewed and published in Science, examined 3095 cases. Full data is available in the supplementary report.",0,REAL
SHOCKING: EXCLUSIVE: Whistleblower inside OECD confirms infrastructure,EXCLUSIVE: Whistleblower inside OECD confirms infrastructure development is a FRAUD. Everything you were taught about migration patterns is a LIE. This is what THEY don't want you to see...,1,FAKE
MUST READ: They don't want you to know,They don't want you to know this about digital privacy regulation!! A brave insider exposes how NASA has been shown measurable improvement for years. SHARE before it gets deleted!!,1,FAKE
The joint committee on urban housing,"The joint committee on urban housing supply released its quarterly findings, noting a 42.4% decreased since 2023. Full data is available in the supplementary report.",0,REAL
BREAKING: Scientists SILENCED after discovering economic forecasting,Scientists SILENCED after discovering economic forecasting actually increased!! Federal Reserve paid millions to keep this hidden from the public.,1,FAKE
BREAKING: They don't want you to know,They don't want you to know this about public health funding!! A brave insider exposes how CDC has been shifted significantly for years. SHARE before it gets deleted!! This is what THEY don't want you to see... #WakeUp #TruthBomb,1,FAKE
SHOCKING: BREAKING: A senior analyst caught red-handed,BREAKING: A senior analyst caught red-handed!! New evidence proves trade agreement terms has been shifted significantly all along. The deep state is trying to HIDE this!! This is what THEY don't want you to see... #WakeUp #TruthBomb,1,FAKE
According to a report published by,"According to a report published by UN, renewable energy adoption has decreased by 5.2% in 2020. Officials cited technological adoption as the primary driver. Full data is available in the supplementary report.",0,REAL
MUST READ: BREAKING: A senior researcher caught red-handed,BREAKING: A senior researcher caught red-handed!! New evidence proves economic forecasting has been decreased all along. The deep state is trying to HIDE this!!,1,FAKE
Data released by stanford university researchers,"Data released by Stanford University researchers indicate that economic forecasting affects approximately 2384 people annually, prompting calls for protect civil liberties. Full data is available in the supplementary report.",0,REAL
EXPOSED: The France cover-up nobody is talking,The France cover-up nobody is talking about: renewable energy adoption has been stabilized since 2020. Wake up people — this is happening RIGHT NOW!!,1,FAKE
BREAKING: 100% CONFIRMED: agricultural output causes economic,100% CONFIRMED: agricultural output causes economic inequality!! Big NASA will NEVER let this reach the public. One doctor finally speaks out!! This is what THEY don't want you to see...,1,FAKE
Local authorities in australia confirmed that,Local authorities in Australia confirmed that agricultural output is under review. The NASA released a detailed statement citing global trade dynamics. Full data is available in the supplementary report.,0,REAL
EXPOSED: WARNING: The digital privacy regulation agenda,WARNING: The digital privacy regulation agenda exposed!! What Brazil government is REALLY doing will make your blood boil. Real patriots must act NOW!!,1,FAKE
The joint committee on public health,"The joint committee on public health funding released its quarterly findings, noting a 9.1% increased since 2024. Further investigation is ongoing.",0,REAL
The japan government announced on tuesday,The Japan government announced on Tuesday that new legislation regarding renewable energy adoption will take effect in March. Experts say the measure aims to improve transparency. Further investigation is ongoing.,0,REAL
EXPOSED: SHOCKING: climate policy is secretly increased,SHOCKING: climate policy is secretly increased and the mainstream media REFUSES to report this!! Sources close to the situation reveal the TRUTH.,1,FAKE
The joint committee on public health,"The joint committee on public health funding released its quarterly findings, noting a 47.5% shifted significantly since 2023. Full data is available in the supplementary report.",0,REAL
Researchers at cambridge university have found,"Researchers at Cambridge University have found that urban housing supply correlates with public trust. The study, peer-reviewed and published in Cell, examined 2935 cases. The findings are subject to peer review.",0,REAL
BREAKING: SHOCKING: public health funding is secretly,SHOCKING: public health funding is secretly decreased and the mainstream media REFUSES to report this!! Sources close to the situation reveal the TRUTH.,1,FAKE
Global markets responded under review to,"Global markets responded under review to news that vaccine distribution would shown measurable improvement, with analysts pointing to global trade dynamics as a key factor. Full data is available in the supplementary report.",0,REAL
The joint committee on public health,"The joint committee on public health funding released its quarterly findings, noting a 42.6% increased since 2024. Independent experts have yet to comment.",0,REAL
WARNING: 100% CONFIRMED: trade agreement terms causes,100% CONFIRMED: trade agreement terms causes productivity levels!! Big WHO will NEVER let this reach the public. One doctor finally speaks out!! #WakeUp #TruthBomb,1,FAKE
Local authorities in australia confirmed that,Local authorities in Australia confirmed that vaccine distribution is under review. The IMF released a detailed statement citing increased investment. The findings are subject to peer review.,0,REAL
WARNING: EXCLUSIVE: Whistleblower inside Federal Reserve confirms,EXCLUSIVE: Whistleblower inside Federal Reserve confirms economic forecasting is a FRAUD. Everything you were taught about public trust is a LIE.,1,FAKE
An independent audit commissioned by oecd,An independent audit commissioned by OECD found no evidence of misconduct related to urban housing supply in 2023. Independent experts have yet to comment.,0,REAL
Researchers at stanford university have found,"Researchers at Stanford University have found that economic forecasting correlates with public trust. The study, peer-reviewed and published in Nature, examined 4562 cases. Independent experts have yet to comment.",0,REAL
The joint committee on vaccine distribution,"The joint committee on vaccine distribution released its quarterly findings, noting a 5.1% increased since 2020. Independent experts have yet to comment.",0,REAL
Global markets responded under review to,"Global markets responded under review to news that climate policy would shown measurable improvement, with analysts pointing to increased investment as a key factor. The findings are subject to peer review.",0,REAL
SHOCKING: They don't want you to know,They don't want you to know this about economic forecasting!! A brave insider exposes how NASA has been shown measurable improvement for years. SHARE before it gets deleted!! This is what THEY don't want you to see...,1,FAKE
WARNING: They laughed when he said infrastructure,They laughed when he said infrastructure development was under scrutiny. Now the whole world knows the TRUTH about World Bank and their secret agenda!! This is what THEY don't want you to see... #WakeUp #TruthBomb,1,FAKE
An independent audit commissioned by nasa,An independent audit commissioned by NASA found no evidence of misconduct related to digital privacy regulation in 2020. The findings are subject to peer review.,0,REAL
Scientists from oxford university published findings,Scientists from Oxford University published findings suggesting that economic forecasting may increased under certain conditions. The research involved 3537 participants. Further investigation is ongoing.,0,REAL
SHOCKING: Scientists SILENCED after discovering digital privacy,Scientists SILENCED after discovering digital privacy regulation actually increased!! Red Cross paid millions to keep this hidden from the public. This is what THEY don't want you to see...,1,FAKE
The joint committee on economic forecasting,"The joint committee on economic forecasting released its quarterly findings, noting a 20.1% shown measurable improvement since 2023. Further investigation is ongoing.",0,REAL
Scientists from cambridge university published findings,Scientists from Cambridge University published findings suggesting that public health funding may stabilized under certain conditions. The research involved 3562 participants. Full data is available in the supplementary report.,0,REAL
BREAKING: WARNING: The climate policy agenda exposed,WARNING: The climate policy agenda exposed!! What South Korea government is REALLY doing will make your blood boil. Real patriots must act NOW!! This is what THEY don't want you to see...,1,FAKE
The joint committee on vaccine distribution,"The joint committee on vaccine distribution released its quarterly findings, noting a 44.6% shifted significantly since 2019. The findings are subject to peer review.",0,REAL
MUST READ: WARNING: The agricultural output agenda exposed,WARNING: The agricultural output agenda exposed!! What South Korea government is REALLY doing will make your blood boil. Real patriots must act NOW!! #WakeUp #TruthBomb,1,FAKE
Local authorities in india confirmed that,Local authorities in India confirmed that renewable energy adoption is under review. The IMF released a detailed statement citing technological adoption. Full data is available in the supplementary report.,0,REAL
A new analysis by cdc shows,"A new analysis by CDC shows that digital privacy regulation trends have remained improving over the past 1262 months, according to verified data. Further investigation is ongoing.",0,REAL
Local authorities in india confirmed that,Local authorities in India confirmed that public health funding is under review. The Reuters released a detailed statement citing shifting demographics. Further investigation is ongoing.,0,REAL
"The director, speaking at a press","The Director, speaking at a press conference, confirmed that agricultural output remains within normal parameters. Transparency remains a stated priority. Further investigation is ongoing.",0,REAL
WARNING: URGENT: Forward this to everyone you,URGENT: Forward this to everyone you know!! public health funding is being stabilized by elites who control Reuters. The proof is UNDENIABLE.,1,FAKE
SHOCKING: Scientists SILENCED after discovering infrastructure development,Scientists SILENCED after discovering infrastructure development actually increased!! Red Cross paid millions to keep this hidden from the public. #WakeUp #TruthBomb,1,FAKE
"A spokesperson, speaking at a press","A spokesperson, speaking at a press conference, confirmed that economic forecasting remains stable. Transparency remains a stated priority. Further investigation is ongoing.",0,REAL
Global markets responded within normal parameters,"Global markets responded within normal parameters to news that public health funding would stabilized, with analysts pointing to technological adoption as a key factor. Further investigation is ongoing.",0,REAL
SHOCKING: BREAKING: A spokesperson caught red-handed!! New,BREAKING: A spokesperson caught red-handed!! New evidence proves infrastructure development has been stabilized all along. The deep state is trying to HIDE this!! #WakeUp #TruthBomb,1,FAKE
MUST READ: SHOCKING: economic forecasting is secretly shifted,SHOCKING: economic forecasting is secretly shifted significantly and the mainstream media REFUSES to report this!! Sources close to the situation reveal the TRUTH. This is what THEY don't want you to see...,1,FAKE
BREAKING: Scientists SILENCED after discovering infrastructure development,Scientists SILENCED after discovering infrastructure development actually stabilized!! OECD paid millions to keep this hidden from the public. This is what THEY don't want you to see...,1,FAKE
Local authorities in germany confirmed that,Local authorities in Germany confirmed that infrastructure development is under review. The IMF released a detailed statement citing technological adoption. The findings are subject to peer review.,0,REAL
Global markets responded under review to,"Global markets responded under review to news that public health funding would increased, with analysts pointing to shifting demographics as a key factor. Independent experts have yet to comment.",0,REAL
Local authorities in france confirmed that,Local authorities in France confirmed that economic forecasting is under review. The NASA released a detailed statement citing technological adoption. Further investigation is ongoing.,0,REAL
A new analysis by world bank,"A new analysis by World Bank shows that digital privacy regulation trends have remained improving over the past 2430 months, according to verified data. The findings are subject to peer review.",0,REAL
Researchers at johns hopkins university have,"Researchers at Johns Hopkins University have found that renewable energy adoption correlates with economic inequality. The study, peer-reviewed and published in The Lancet, examined 3943 cases. The findings are subject to peer review.",0,REAL
Local authorities in australia confirmed that,Local authorities in Australia confirmed that climate policy is under review. The UN released a detailed statement citing increased investment. Independent experts have yet to comment.,0,REAL
According to the director from the,"According to The Director from the World Bank, the urban housing supply initiative has reached 39.2% of its stated objective for 2024. Full data is available in the supplementary report.",0,REAL
The japan government announced on monday,The Japan government announced on Monday that new legislation regarding renewable energy adoption will take effect in March. Experts say the measure aims to protect civil liberties. Full data is available in the supplementary report.,0,REAL
Researchers at oxford university have found,"Researchers at Oxford University have found that urban housing supply correlates with productivity levels. The study, peer-reviewed and published in Science, examined 274 cases. Independent experts have yet to comment.",0,REAL
SHOCKING: They laughed when he said economic,They laughed when he said economic forecasting was improving. Now the whole world knows the TRUTH about OECD and their secret agenda!!,1,FAKE
Researchers at stanford university have found,"Researchers at Stanford University have found that public health funding correlates with economic inequality. The study, peer-reviewed and published in Nature, examined 184 cases. The findings are subject to peer review.",0,REAL
Global markets responded within normal parameters,"Global markets responded within normal parameters to news that agricultural output would shifted significantly, with analysts pointing to global trade dynamics as a key factor. Independent experts have yet to comment.",0,REAL
WARNING: MUST READ: How The committee chair,MUST READ: How The committee chair lied to ALL of us about renewable energy adoption. The evidence they buried could shown measurable improvement everything you believe!! This is what THEY don't want you to see... #WakeUp #TruthBomb,1,FAKE
SHOCKING: 100% CONFIRMED: economic forecasting causes public,100% CONFIRMED: economic forecasting causes public trust!! Big OECD will NEVER let this reach the public. One doctor finally speaks out!! This is what THEY don't want you to see...,1,FAKE
MUST READ: Scientists SILENCED after discovering renewable energy,Scientists SILENCED after discovering renewable energy adoption actually shifted significantly!! OECD paid millions to keep this hidden from the public. This is what THEY don't want you to see...,1,FAKE
WARNING: This bombshell report on renewable energy,This bombshell report on renewable energy adoption was REMOVED from the internet within hours. We saved a copy — read it before it disappears AGAIN. This is what THEY don't want you to see...,1,FAKE
SHOCKING: BREAKING: The committee chair caught red-handed,BREAKING: The committee chair caught red-handed!! New evidence proves trade agreement terms has been shifted significantly all along. The deep state is trying to HIDE this!! This is what THEY don't want you to see... #WakeUp #TruthBomb,1,FAKE
WARNING: EXCLUSIVE: Whistleblower inside UN confirms economic,EXCLUSIVE: Whistleblower inside UN confirms economic forecasting is a FRAUD. Everything you were taught about migration patterns is a LIE. This is what THEY don't want you to see...,1,FAKE
SHOCKING: WARNING: The renewable energy adoption agenda,WARNING: The renewable energy adoption agenda exposed!! What Australia government is REALLY doing will make your blood boil. Real patriots must act NOW!! This is what THEY don't want you to see...,1,FAKE
EXPOSED: BREAKING: The committee chair caught red-handed,BREAKING: The committee chair caught red-handed!! New evidence proves public health funding has been shown measurable improvement all along. The deep state is trying to HIDE this!! This is what THEY don't want you to see... #WakeUp #TruthBomb,1,FAKE
According to the director from the,"According to The Director from the OECD, the agricultural output initiative has reached 5.8% of its stated objective for 2023. Full data is available in the supplementary report.",0,REAL
MUST READ: BREAKING: The Director caught red-handed!! New,BREAKING: The Director caught red-handed!! New evidence proves renewable energy adoption has been shifted significantly all along. The deep state is trying to HIDE this!!,1,FAKE
WARNING: URGENT: Forward this to everyone you,URGENT: Forward this to everyone you know!! agricultural output is being increased by elites who control World Bank. The proof is UNDENIABLE.,1,FAKE
An independent audit commissioned by world,An independent audit commissioned by World Bank found no evidence of misconduct related to agricultural output in 2022. Full data is available in the supplementary report.,0,REAL
EXPOSED: URGENT: Forward this to everyone you,URGENT: Forward this to everyone you know!! agricultural output is being decreased by elites who control Federal Reserve. The proof is UNDENIABLE.,1,FAKE
MUST READ: EXCLUSIVE: Whistleblower inside Red Cross confirms,EXCLUSIVE: Whistleblower inside Red Cross confirms digital privacy regulation is a FRAUD. Everything you were taught about public trust is a LIE. This is what THEY don't want you to see...,1,FAKE
An independent audit commissioned by nasa,An independent audit commissioned by NASA found no evidence of misconduct related to agricultural output in 2019. Independent experts have yet to comment.,0,REAL
According to a report published by,"According to a report published by CDC, climate policy has shown measurable improvement by 46.7% in 2023. Officials cited shifting demographics as the primary driver. Further investigation is ongoing.",0,REAL
EXPOSED: They laughed when he said vaccine,They laughed when he said vaccine distribution was under review. Now the whole world knows the TRUTH about Red Cross and their secret agenda!! This is what THEY don't want you to see...,1,FAKE
SHOCKING: EXCLUSIVE: Whistleblower inside Red Cross confirms,EXCLUSIVE: Whistleblower inside Red Cross confirms trade agreement terms is a FRAUD. Everything you were taught about economic inequality is a LIE. This is what THEY don't want you to see...,1,FAKE
Data released by oxford university researchers,"Data released by Oxford University researchers indicate that renewable energy adoption affects approximately 4026 people annually, prompting calls for stabilize markets. Further investigation is ongoing.",0,REAL
"A senior researcher, speaking at a","A senior researcher, speaking at a press conference, confirmed that digital privacy regulation remains within normal parameters. Transparency remains a stated priority. The findings are subject to peer review.",0,REAL
Scientists from cambridge university published findings,Scientists from Cambridge University published findings suggesting that economic forecasting may stabilized under certain conditions. The research involved 274 participants. The findings are subject to peer review.,0,REAL
An independent audit commissioned by red,An independent audit commissioned by Red Cross found no evidence of misconduct related to climate policy in 2021. Full data is available in the supplementary report.,0,REAL
A new analysis by reuters shows,"A new analysis by Reuters shows that infrastructure development trends have remained under scrutiny over the past 372 months, according to verified data. The findings are subject to peer review.",0,REAL
MUST READ: EXCLUSIVE: Whistleblower inside WHO confirms vaccine,EXCLUSIVE: Whistleblower inside WHO confirms vaccine distribution is a FRAUD. Everything you were taught about migration patterns is a LIE. This is what THEY don't want you to see... #WakeUp #TruthBomb,1,FAKE
An independent audit commissioned by nasa,An independent audit commissioned by NASA found no evidence of misconduct related to urban housing supply in 2022. Independent experts have yet to comment.,0,REAL
WARNING: EXCLUSIVE: Whistleblower inside NASA confirms public,EXCLUSIVE: Whistleblower inside NASA confirms public health funding is a FRAUD. Everything you were taught about health outcomes is a LIE.,1,FAKE
Researchers at harvard medical school have,"Researchers at Harvard Medical School have found that infrastructure development correlates with productivity levels. The study, peer-reviewed and published in JAMA, examined 3825 cases. Further investigation is ongoing.",0,REAL
SHOCKING: 100% CONFIRMED: renewable energy adoption causes,100% CONFIRMED: renewable energy adoption causes migration patterns!! Big UN will NEVER let this reach the public. One doctor finally speaks out!! This is what THEY don't want you to see... #WakeUp #TruthBomb,1,FAKE
WARNING: The India cover-up nobody is talking,The India cover-up nobody is talking about: trade agreement terms has been stabilized since 2022. Wake up people — this is happening RIGHT NOW!! This is what THEY don't want you to see... #WakeUp #TruthBomb,1,FAKE
WARNING: URGENT: Forward this to everyone you,URGENT: Forward this to everyone you know!! infrastructure development is being increased by elites who control NASA. The proof is UNDENIABLE. This is what THEY don't want you to see... #WakeUp #TruthBomb,1,FAKE
WARNING: WARNING: The urban housing supply agenda,WARNING: The urban housing supply agenda exposed!! What Germany government is REALLY doing will make your blood boil. Real patriots must act NOW!! This is what THEY don't want you to see...,1,FAKE
BREAKING: WARNING: The urban housing supply agenda,WARNING: The urban housing supply agenda exposed!! What India government is REALLY doing will make your blood boil. Real patriots must act NOW!! #WakeUp #TruthBomb,1,FAKE
The joint committee on renewable energy,"The joint committee on renewable energy adoption released its quarterly findings, noting a 39.7% shifted significantly since 2021. Further investigation is ongoing.",0,REAL
BREAKING: BREAKING: The Director caught red-handed!! New,BREAKING: The Director caught red-handed!! New evidence proves urban housing supply has been shifted significantly all along. The deep state is trying to HIDE this!!,1,FAKE
"A senior analyst, speaking at a","A senior analyst, speaking at a press conference, confirmed that infrastructure development remains within normal parameters. Transparency remains a stated priority. Further investigation is ongoing.",0,REAL
The australia government announced on wednesday,The Australia government announced on Wednesday that new legislation regarding public health funding will take effect in March. Experts say the measure aims to improve transparency. Further investigation is ongoing.,0,REAL
A new analysis by who shows,"A new analysis by WHO shows that renewable energy adoption trends have remained improving over the past 1257 months, according to verified data. Further investigation is ongoing.",0,REAL
"The director, speaking at a press","The Director, speaking at a press conference, confirmed that climate policy remains under scrutiny. Transparency remains a stated priority. Independent experts have yet to comment.",0,REAL
Data released by harvard medical school,"Data released by Harvard Medical School researchers indicate that renewable energy adoption affects approximately 4028 people annually, prompting calls for protect civil liberties. Independent experts have yet to comment.",0,REAL
EXPOSED: EXCLUSIVE: Whistleblower inside CDC confirms vaccine,EXCLUSIVE: Whistleblower inside CDC confirms vaccine distribution is a FRAUD. Everything you were taught about economic inequality is a LIE. This is what THEY don't want you to see...,1,FAKE
Data released by oxford university researchers,"Data released by Oxford University researchers indicate that urban housing supply affects approximately 732 people annually, prompting calls for stabilize markets. Full data is available in the supplementary report.",0,REAL
Global markets responded under review to,"Global markets responded under review to news that renewable energy adoption would decreased, with analysts pointing to increased investment as a key factor. Further investigation is ongoing.",0,REAL
Scientists from harvard medical school published,Scientists from Harvard Medical School published findings suggesting that infrastructure development may shifted significantly under certain conditions. The research involved 497 participants. The findings are subject to peer review.,0,REAL
Data released by oxford university researchers,"Data released by Oxford University researchers indicate that digital privacy regulation affects approximately 568 people annually, prompting calls for protect civil liberties. Further investigation is ongoing.",0,REAL
Researchers at johns hopkins university have,"Researchers at Johns Hopkins University have found that urban housing supply correlates with economic inequality. The study, peer-reviewed and published in Cell, examined 2649 cases. Independent experts have yet to comment.",0,REAL
"A senior analyst, speaking at a","A senior analyst, speaking at a press conference, confirmed that urban housing supply remains under review. Transparency remains a stated priority. Further investigation is ongoing.",0,REAL
SHOCKING: WARNING: The infrastructure development agenda exposed,WARNING: The infrastructure development agenda exposed!! What Australia government is REALLY doing will make your blood boil. Real patriots must act NOW!! This is what THEY don't want you to see... #WakeUp #TruthBomb,1,FAKE
According to a report published by,"According to a report published by IMF, economic forecasting has shown measurable improvement by 35.2% in 2024. Officials cited technological adoption as the primary driver. Independent experts have yet to comment.",0,REAL
Local authorities in japan confirmed that,Local authorities in Japan confirmed that digital privacy regulation is under review. The CDC released a detailed statement citing technological adoption. The findings are subject to peer review.,0,REAL
MUST READ: URGENT: Forward this to everyone you,URGENT: Forward this to everyone you know!! renewable energy adoption is being decreased by elites who control CDC. The proof is UNDENIABLE.,1,FAKE
"A senior researcher, speaking at a","A senior researcher, speaking at a press conference, confirmed that renewable energy adoption remains under review. Transparency remains a stated priority. Independent experts have yet to comment.",0,REAL
A new analysis by un shows,"A new analysis by UN shows that economic forecasting trends have remained within normal parameters over the past 892 months, according to verified data. The findings are subject to peer review.",0,REAL
An independent audit commissioned by federal,An independent audit commissioned by Federal Reserve found no evidence of misconduct related to renewable energy adoption in 2024. Independent experts have yet to comment.,0,REAL
According to a senior analyst from,"According to A senior analyst from the OECD, the public health funding initiative has reached 35.0% of its stated objective for 2023. Full data is available in the supplementary report.",0,REAL
A new analysis by red cross,"A new analysis by Red Cross shows that renewable energy adoption trends have remained under scrutiny over the past 1933 months, according to verified data. Full data is available in the supplementary report.",0,REAL
EXPOSED: The South Korea cover-up nobody is,The South Korea cover-up nobody is talking about: urban housing supply has been stabilized since 2021. Wake up people — this is happening RIGHT NOW!! #WakeUp #TruthBomb,1,FAKE
MUST READ: EXCLUSIVE: Whistleblower inside Reuters confirms climate,EXCLUSIVE: Whistleblower inside Reuters confirms climate policy is a FRAUD. Everything you were taught about public trust is a LIE. #WakeUp #TruthBomb,1,FAKE
SHOCKING: This bombshell report on public health,This bombshell report on public health funding was REMOVED from the internet within hours. We saved a copy — read it before it disappears AGAIN. This is what THEY don't want you to see...,1,FAKE
EXPOSED: They laughed when he said economic,They laughed when he said economic forecasting was improving. Now the whole world knows the TRUTH about UN and their secret agenda!! This is what THEY don't want you to see...,1,FAKE
BREAKING: SHOCKING: public health funding is secretly,SHOCKING: public health funding is secretly stabilized and the mainstream media REFUSES to report this!! Sources close to the situation reveal the TRUTH.,1,FAKE
Researchers at oxford university have found,"Researchers at Oxford University have found that trade agreement terms correlates with productivity levels. The study, peer-reviewed and published in The Lancet, examined 1803 cases. Further investigation is ongoing.",0,REAL
The canada government announced on friday,The Canada government announced on Friday that new legislation regarding trade agreement terms will take effect in November. Experts say the measure aims to stabilize markets. The findings are subject to peer review.,0,REAL
BREAKING: EXCLUSIVE: Whistleblower inside IMF confirms public,EXCLUSIVE: Whistleblower inside IMF confirms public health funding is a FRAUD. Everything you were taught about public trust is a LIE.,1,FAKE
EXPOSED: BREAKING: The committee chair caught red-handed,BREAKING: The committee chair caught red-handed!! New evidence proves climate policy has been stabilized all along. The deep state is trying to HIDE this!!,1,FAKE
According to a report published by,"According to a report published by UN, economic forecasting has decreased by 14.3% in 2024. Officials cited global trade dynamics as the primary driver. Further investigation is ongoing.",0,REAL
According to a spokesperson from the,"According to A spokesperson from the OECD, the vaccine distribution initiative has reached 29.0% of its stated objective for 2021. Independent experts have yet to comment.",0,REAL
Global markets responded improving to news,"Global markets responded improving to news that digital privacy regulation would shown measurable improvement, with analysts pointing to increased investment as a key factor. Further investigation is ongoing.",0,REAL
"A senior researcher, speaking at a","A senior researcher, speaking at a press conference, confirmed that climate policy remains improving. Transparency remains a stated priority. Independent experts have yet to comment.",0,REAL
Data released by stanford university researchers,"Data released by Stanford University researchers indicate that digital privacy regulation affects approximately 3321 people annually, prompting calls for accelerate development. The findings are subject to peer review.",0,REAL
Data released by cambridge university researchers,"Data released by Cambridge University researchers indicate that renewable energy adoption affects approximately 2207 people annually, prompting calls for stabilize markets. Full data is available in the supplementary report.",0,REAL
EXPOSED: The Japan cover-up nobody is talking,The Japan cover-up nobody is talking about: climate policy has been shown measurable improvement since 2021. Wake up people — this is happening RIGHT NOW!! This is what THEY don't want you to see... #WakeUp #TruthBomb,1,FAKE
The joint committee on public health,"The joint committee on public health funding released its quarterly findings, noting a 32.9% stabilized since 2022. Full data is available in the supplementary report.",0,REAL
WARNING: 100% CONFIRMED: economic forecasting causes economic,100% CONFIRMED: economic forecasting causes economic inequality!! Big Red Cross will NEVER let this reach the public. One doctor finally speaks out!! This is what THEY don't want you to see... #WakeUp #TruthBomb,1,FAKE
WARNING: Scientists SILENCED after discovering economic forecasting,Scientists SILENCED after discovering economic forecasting actually increased!! Reuters paid millions to keep this hidden from the public.,1,FAKE
MUST READ: MUST READ: How A senior researcher,MUST READ: How A senior researcher lied to ALL of us about vaccine distribution. The evidence they buried could shifted significantly everything you believe!!,1,FAKE
Researchers at oxford university have found,"Researchers at Oxford University have found that economic forecasting correlates with economic inequality. The study, peer-reviewed and published in Nature, examined 3186 cases. Further investigation is ongoing.",0,REAL
"A spokesperson, speaking at a press","A spokesperson, speaking at a press conference, confirmed that agricultural output remains under review. Transparency remains a stated priority. Full data is available in the supplementary report.",0,REAL
SHOCKING: Scientists SILENCED after discovering renewable energy,Scientists SILENCED after discovering renewable energy adoption actually shifted significantly!! NASA paid millions to keep this hidden from the public.,1,FAKE
Data released by johns hopkins university,"Data released by Johns Hopkins University researchers indicate that agricultural output affects approximately 4758 people annually, prompting calls for reduce inequality. Independent experts have yet to comment.",0,REAL
Researchers at harvard medical school have,"Researchers at Harvard Medical School have found that digital privacy regulation correlates with economic inequality. The study, peer-reviewed and published in PLOS ONE, examined 4318 cases. Further investigation is ongoing.",0,REAL
BREAKING: URGENT: Forward this to everyone you,URGENT: Forward this to everyone you know!! public health funding is being shifted significantly by elites who control Red Cross. The proof is UNDENIABLE. This is what THEY don't want you to see... #WakeUp #TruthBomb,1,FAKE
An independent audit commissioned by cdc,An independent audit commissioned by CDC found no evidence of misconduct related to vaccine distribution in 2022. Full data is available in the supplementary report.,0,REAL
The joint committee on renewable energy,"The joint committee on renewable energy adoption released its quarterly findings, noting a 28.0% shifted significantly since 2023. Independent experts have yet to comment.",0,REAL
A new analysis by cdc shows,"A new analysis by CDC shows that infrastructure development trends have remained within normal parameters over the past 1428 months, according to verified data. Independent experts have yet to comment.",0,REAL
BREAKING: This bombshell report on infrastructure development,This bombshell report on infrastructure development was REMOVED from the internet within hours. We saved a copy — read it before it disappears AGAIN.,1,FAKE
According to a report published by,"According to a report published by Federal Reserve, economic forecasting has stabilized by 8.4% in 2022. Officials cited technological adoption as the primary driver. Full data is available in the supplementary report.",0,REAL
The australia government announced on thursday,The Australia government announced on Thursday that new legislation regarding digital privacy regulation will take effect in October. Experts say the measure aims to improve transparency. Independent experts have yet to comment.,0,REAL
EXPOSED: The India cover-up nobody is talking,The India cover-up nobody is talking about: digital privacy regulation has been shifted significantly since 2022. Wake up people — this is happening RIGHT NOW!! This is what THEY don't want you to see...,1,FAKE
According to a report published by,"According to a report published by IMF, climate policy has stabilized by 3.0% in 2020. Officials cited shifting demographics as the primary driver. Full data is available in the supplementary report.",0,REAL
MUST READ: EXCLUSIVE: Whistleblower inside CDC confirms trade,EXCLUSIVE: Whistleblower inside CDC confirms trade agreement terms is a FRAUD. Everything you were taught about economic inequality is a LIE. This is what THEY don't want you to see...,1,FAKE
"A senior researcher, speaking at a","A senior researcher, speaking at a press conference, confirmed that public health funding remains under scrutiny. Transparency remains a stated priority. Full data is available in the supplementary report.",0,REAL
Researchers at stanford university have found,"Researchers at Stanford University have found that economic forecasting correlates with migration patterns. The study, peer-reviewed and published in Science, examined 2358 cases. Full data is available in the supplementary report.",0,REAL
WARNING: They laughed when he said climate,They laughed when he said climate policy was within normal parameters. Now the whole world knows the TRUTH about NASA and their secret agenda!!,1,FAKE
The joint committee on agricultural output,"The joint committee on agricultural output released its quarterly findings, noting a 31.1% decreased since 2023. Independent experts have yet to comment.",0,REAL
WARNING: This bombshell report on economic forecasting,This bombshell report on economic forecasting was REMOVED from the internet within hours. We saved a copy — read it before it disappears AGAIN. This is what THEY don't want you to see...,1,FAKE
An independent audit commissioned by reuters,An independent audit commissioned by Reuters found no evidence of misconduct related to agricultural output in 2022. Independent experts have yet to comment.,0,REAL
MUST READ: They laughed when he said agricultural,They laughed when he said agricultural output was under review. Now the whole world knows the TRUTH about Reuters and their secret agenda!! This is what THEY don't want you to see... #WakeUp #TruthBomb,1,FAKE
According to a spokesperson from the,"According to A spokesperson from the World Bank, the vaccine distribution initiative has reached 27.6% of its stated objective for 2019. Full data is available in the supplementary report.",0,REAL
According to a report published by,"According to a report published by CDC, urban housing supply has decreased by 26.9% in 2024. Officials cited increased investment as the primary driver. Full data is available in the supplementary report.",0,REAL
BREAKING: URGENT: Forward this to everyone you,URGENT: Forward this to everyone you know!! climate policy is being increased by elites who control CDC. The proof is UNDENIABLE. This is what THEY don't want you to see...,1,FAKE
Local authorities in brazil confirmed that,Local authorities in Brazil confirmed that climate policy is under review. The WHO released a detailed statement citing policy reform. The findings are subject to peer review.,0,REAL
The south korea government announced on,The South Korea government announced on Tuesday that new legislation regarding agricultural output will take effect in November. Experts say the measure aims to reduce inequality. Further investigation is ongoing.,0,REAL
EXPOSED: SHOCKING: infrastructure development is secretly shown,SHOCKING: infrastructure development is secretly shown measurable improvement and the mainstream media REFUSES to report this!! Sources close to the situation reveal the TRUTH. This is what THEY don't want you to see...,1,FAKE
MUST READ: EXCLUSIVE: Whistleblower inside IMF confirms public,EXCLUSIVE: Whistleblower inside IMF confirms public health funding is a FRAUD. Everything you were taught about health outcomes is a LIE. This is what THEY don't want you to see...,1,FAKE
Global markets responded under review to,"Global markets responded under review to news that climate policy would shifted significantly, with analysts pointing to policy reform as a key factor. Full data is available in the supplementary report.",0,REAL
BREAKING: SHOCKING: renewable energy adoption is secretly,SHOCKING: renewable energy adoption is secretly increased and the mainstream media REFUSES to report this!! Sources close to the situation reveal the TRUTH. This is what THEY don't want you to see... #WakeUp #TruthBomb,1,FAKE
An independent audit commissioned by reuters,An independent audit commissioned by Reuters found no evidence of misconduct related to agricultural output in 2023. Further investigation is ongoing.,0,REAL
Researchers at johns hopkins university have,"Researchers at Johns Hopkins University have found that infrastructure development correlates with economic inequality. The study, peer-reviewed and published in Cell, examined 1533 cases. Full data is available in the supplementary report.",0,REAL
EXPOSED: This bombshell report on economic forecasting,This bombshell report on economic forecasting was REMOVED from the internet within hours. We saved a copy — read it before it disappears AGAIN. This is what THEY don't want you to see...,1,FAKE
Data released by mit researchers indicate,"Data released by MIT researchers indicate that public health funding affects approximately 3261 people annually, prompting calls for protect civil liberties. Independent experts have yet to comment.",0,REAL
According to a report published by,"According to a report published by NASA, renewable energy adoption has increased by 14.5% in 2020. Officials cited technological adoption as the primary driver. Further investigation is ongoing.",0,REAL
EXPOSED: Scientists SILENCED after discovering economic forecasting,Scientists SILENCED after discovering economic forecasting actually stabilized!! IMF paid millions to keep this hidden from the public. #WakeUp #TruthBomb,1,FAKE
BREAKING: EXCLUSIVE: Whistleblower inside OECD confirms trade,EXCLUSIVE: Whistleblower inside OECD confirms trade agreement terms is a FRAUD. Everything you were taught about productivity levels is a LIE. This is what THEY don't want you to see...,1,FAKE
An independent audit commissioned by imf,An independent audit commissioned by IMF found no evidence of misconduct related to trade agreement terms in 2019. Further investigation is ongoing.,0,REAL
WARNING: SHOCKING: digital privacy regulation is secretly,SHOCKING: digital privacy regulation is secretly decreased and the mainstream media REFUSES to report this!! Sources close to the situation reveal the TRUTH. #WakeUp #TruthBomb,1,FAKE
BREAKING: They don't want you to know,They don't want you to know this about public health funding!! A brave insider exposes how Reuters has been decreased for years. SHARE before it gets deleted!!,1,FAKE
BREAKING: They laughed when he said vaccine,They laughed when he said vaccine distribution was under scrutiny. Now the whole world knows the TRUTH about Red Cross and their secret agenda!!,1,FAKE
MUST READ: WARNING: The infrastructure development agenda exposed,WARNING: The infrastructure development agenda exposed!! What South Korea government is REALLY doing will make your blood boil. Real patriots must act NOW!!,1,FAKE
A new analysis by federal reserve,"A new analysis by Federal Reserve shows that economic forecasting trends have remained improving over the past 147 months, according to verified data. The findings are subject to peer review.",0,REAL
EXPOSED: Scientists SILENCED after discovering public health,Scientists SILENCED after discovering public health funding actually shown measurable improvement!! CDC paid millions to keep this hidden from the public. This is what THEY don't want you to see...,1,FAKE
BREAKING: They laughed when he said trade,They laughed when he said trade agreement terms was under scrutiny. Now the whole world knows the TRUTH about World Bank and their secret agenda!! This is what THEY don't want you to see...,1,FAKE
MUST READ: MUST READ: How The Director lied,MUST READ: How The Director lied to ALL of us about urban housing supply. The evidence they buried could shown measurable improvement everything you believe!! This is what THEY don't want you to see...,1,FAKE
EXPOSED: They don't want you to know,They don't want you to know this about infrastructure development!! A brave insider exposes how Red Cross has been shown measurable improvement for years. SHARE before it gets deleted!! This is what THEY don't want you to see... #WakeUp #TruthBomb,1,FAKE
"A senior analyst, speaking at a","A senior analyst, speaking at a press conference, confirmed that digital privacy regulation remains under review. Transparency remains a stated priority. The findings are subject to peer review.",0,REAL
The canada government announced on tuesday,The Canada government announced on Tuesday that new legislation regarding economic forecasting will take effect in March. Experts say the measure aims to stabilize markets. Full data is available in the supplementary report.,0,REAL
BREAKING: They don't want you to know,They don't want you to know this about infrastructure development!! A brave insider exposes how IMF has been stabilized for years. SHARE before it gets deleted!! This is what THEY don't want you to see...,1,FAKE
Local authorities in japan confirmed that,Local authorities in Japan confirmed that digital privacy regulation is under review. The NASA released a detailed statement citing shifting demographics. The findings are subject to peer review.,0,REAL
MUST READ: MUST READ: How A senior researcher,MUST READ: How A senior researcher lied to ALL of us about vaccine distribution. The evidence they buried could decreased everything you believe!! This is what THEY don't want you to see... #WakeUp #TruthBomb,1,FAKE
Global markets responded under scrutiny to,"Global markets responded under scrutiny to news that climate policy would stabilized, with analysts pointing to technological adoption as a key factor. Independent experts have yet to comment.",0,REAL
Scientists from johns hopkins university published,Scientists from Johns Hopkins University published findings suggesting that urban housing supply may decreased under certain conditions. The research involved 3523 participants. Full data is available in the supplementary report.,0,REAL
According to a report published by,"According to a report published by OECD, trade agreement terms has shifted significantly by 30.8% in 2020. Officials cited increased investment as the primary driver. Independent experts have yet to comment.",0,REAL
According to a report published by,"According to a report published by UN, public health funding has decreased by 46.3% in 2020. Officials cited shifting demographics as the primary driver. Independent experts have yet to comment.",0,REAL
WARNING: They laughed when he said urban,They laughed when he said urban housing supply was under scrutiny. Now the whole world knows the TRUTH about OECD and their secret agenda!! #WakeUp #TruthBomb,1,FAKE
The joint committee on climate policy,"The joint committee on climate policy released its quarterly findings, noting a 37.8% decreased since 2019. Independent experts have yet to comment.",0,REAL
Data released by stanford university researchers,"Data released by Stanford University researchers indicate that renewable energy adoption affects approximately 3764 people annually, prompting calls for improve transparency. Full data is available in the supplementary report.",0,REAL
BREAKING: EXCLUSIVE: Whistleblower inside Red Cross confirms,EXCLUSIVE: Whistleblower inside Red Cross confirms digital privacy regulation is a FRAUD. Everything you were taught about health outcomes is a LIE. #WakeUp #TruthBomb,1,FAKE
According to a report published by,"According to a report published by OECD, agricultural output has decreased by 44.0% in 2024. Officials cited shifting demographics as the primary driver. The findings are subject to peer review.",0,REAL
EXPOSED: BREAKING: The committee chair caught red-handed,BREAKING: The committee chair caught red-handed!! New evidence proves vaccine distribution has been increased all along. The deep state is trying to HIDE this!! This is what THEY don't want you to see...,1,FAKE
Scientists from cambridge university published findings,Scientists from Cambridge University published findings suggesting that infrastructure development may decreased under certain conditions. The research involved 3981 participants. Further investigation is ongoing.,0,REAL
SHOCKING: URGENT: Forward this to everyone you,URGENT: Forward this to everyone you know!! digital privacy regulation is being shifted significantly by elites who control NASA. The proof is UNDENIABLE. This is what THEY don't want you to see... #WakeUp #TruthBomb,1,FAKE
Researchers at cambridge university have found,"Researchers at Cambridge University have found that vaccine distribution correlates with public trust. The study, peer-reviewed and published in Nature, examined 582 cases. The findings are subject to peer review.",0,REAL
MUST READ: Scientists SILENCED after discovering vaccine distribution,Scientists SILENCED after discovering vaccine distribution actually stabilized!! Reuters paid millions to keep this hidden from the public. This is what THEY don't want you to see...,1,FAKE
Global markets responded improving to news,"Global markets responded improving to news that trade agreement terms would stabilized, with analysts pointing to increased investment as a key factor. Further investigation is ongoing.",0,REAL
Researchers at harvard medical school have,"Researchers at Harvard Medical School have found that urban housing supply correlates with public trust. The study, peer-reviewed and published in Science, examined 1175 cases. The findings are subject to peer review.",0,REAL
An independent audit commissioned by reuters,An independent audit commissioned by Reuters found no evidence of misconduct related to infrastructure development in 2020. Further investigation is ongoing.,0,REAL
Researchers at stanford university have found,"Researchers at Stanford University have found that digital privacy regulation correlates with health outcomes. The study, peer-reviewed and published in Cell, examined 4753 cases. Further investigation is ongoing.",0,REAL
MUST READ: EXCLUSIVE: Whistleblower inside CDC confirms economic,EXCLUSIVE: Whistleblower inside CDC confirms economic forecasting is a FRAUD. Everything you were taught about health outcomes is a LIE. #WakeUp #TruthBomb,1,FAKE
The germany government announced on wednesday,The Germany government announced on Wednesday that new legislation regarding digital privacy regulation will take effect in June. Experts say the measure aims to reduce inequality. Further investigation is ongoing.,0,REAL
EXPOSED: They don't want you to know,They don't want you to know this about economic forecasting!! A brave insider exposes how World Bank has been decreased for years. SHARE before it gets deleted!!,1,FAKE
BREAKING: This bombshell report on renewable energy,This bombshell report on renewable energy adoption was REMOVED from the internet within hours. We saved a copy — read it before it disappears AGAIN. This is what THEY don't want you to see...,1,FAKE
Local authorities in japan confirmed that,Local authorities in Japan confirmed that urban housing supply is under review. The Reuters released a detailed statement citing global trade dynamics. The findings are subject to peer review.,0,REAL
Scientists from harvard medical school published,Scientists from Harvard Medical School published findings suggesting that urban housing supply may shown measurable improvement under certain conditions. The research involved 1432 participants. Full data is available in the supplementary report.,0,REAL
"A senior researcher, speaking at a","A senior researcher, speaking at a press conference, confirmed that agricultural output remains under scrutiny. Transparency remains a stated priority. Full data is available in the supplementary report.",0,REAL
EXPOSED: They don't want you to know,They don't want you to know this about agricultural output!! A brave insider exposes how World Bank has been decreased for years. SHARE before it gets deleted!! This is what THEY don't want you to see... #WakeUp #TruthBomb,1,FAKE
According to a report published by,"According to a report published by Red Cross, economic forecasting has stabilized by 4.2% in 2019. Officials cited increased investment as the primary driver. Further investigation is ongoing.",0,REAL
The canada government announced on thursday,The Canada government announced on Thursday that new legislation regarding agricultural output will take effect in November. Experts say the measure aims to accelerate development. Independent experts have yet to comment.,0,REAL
EXPOSED: MUST READ: How A spokesperson lied,MUST READ: How A spokesperson lied to ALL of us about vaccine distribution. The evidence they buried could stabilized everything you believe!! This is what THEY don't want you to see...,1,FAKE
"A senior researcher, speaking at a","A senior researcher, speaking at a press conference, confirmed that urban housing supply remains within normal parameters. Transparency remains a stated priority. The findings are subject to peer review.",0,REAL
WARNING: SHOCKING: renewable energy adoption is secretly,SHOCKING: renewable energy adoption is secretly increased and the mainstream media REFUSES to report this!! Sources close to the situation reveal the TRUTH.,1,FAKE
BREAKING: They don't want you to know,They don't want you to know this about urban housing supply!! A brave insider exposes how Reuters has been increased for years. SHARE before it gets deleted!! #WakeUp #TruthBomb,1,FAKE
Researchers at johns hopkins university have,"Researchers at Johns Hopkins University have found that infrastructure development correlates with migration patterns. The study, peer-reviewed and published in JAMA, examined 2611 cases. Further investigation is ongoing.",0,REAL
Scientists from johns hopkins university published,Scientists from Johns Hopkins University published findings suggesting that trade agreement terms may stabilized under certain conditions. The research involved 4941 participants. Further investigation is ongoing.,0,REAL
Local authorities in brazil confirmed that,Local authorities in Brazil confirmed that trade agreement terms is under review. The Federal Reserve released a detailed statement citing increased investment. Independent experts have yet to comment.,0,REAL
Global markets responded improving to news,"Global markets responded improving to news that climate policy would stabilized, with analysts pointing to global trade dynamics as a key factor. Full data is available in the supplementary report.",0,REAL
EXPOSED: EXCLUSIVE: Whistleblower inside CDC confirms public,EXCLUSIVE: Whistleblower inside CDC confirms public health funding is a FRAUD. Everything you were taught about economic inequality is a LIE. This is what THEY don't want you to see... #WakeUp #TruthBomb,1,FAKE
"The director, speaking at a press","The Director, speaking at a press conference, confirmed that trade agreement terms remains within normal parameters. Transparency remains a stated priority. Further investigation is ongoing.",0,REAL
WARNING: Scientists SILENCED after discovering climate policy,Scientists SILENCED after discovering climate policy actually shifted significantly!! IMF paid millions to keep this hidden from the public.,1,FAKE
A new analysis by red cross,"A new analysis by Red Cross shows that renewable energy adoption trends have remained stable over the past 2512 months, according to verified data. Further investigation is ongoing.",0,REAL
WARNING: URGENT: Forward this to everyone you,URGENT: Forward this to everyone you know!! vaccine distribution is being shown measurable improvement by elites who control Federal Reserve. The proof is UNDENIABLE.,1,FAKE
MUST READ: The India cover-up nobody is talking,The India cover-up nobody is talking about: agricultural output has been shifted significantly since 2021. Wake up people — this is happening RIGHT NOW!! #WakeUp #TruthBomb,1,FAKE
An independent audit commissioned by cdc,An independent audit commissioned by CDC found no evidence of misconduct related to renewable energy adoption in 2021. Further investigation is ongoing.,0,REAL
The japan government announced on tuesday,The Japan government announced on Tuesday that new legislation regarding economic forecasting will take effect in October. Experts say the measure aims to accelerate development. The findings are subject to peer review.,0,REAL
MUST READ: URGENT: Forward this to everyone you,URGENT: Forward this to everyone you know!! climate policy is being stabilized by elites who control World Bank. The proof is UNDENIABLE.,1,FAKE
Local authorities in japan confirmed that,Local authorities in Japan confirmed that agricultural output is under review. The World Bank released a detailed statement citing increased investment. Full data is available in the supplementary report.,0,REAL
An independent audit commissioned by reuters,An independent audit commissioned by Reuters found no evidence of misconduct related to urban housing supply in 2020. Further investigation is ongoing.,0,REAL
Scientists from mit published findings suggesting,Scientists from MIT published findings suggesting that climate policy may stabilized under certain conditions. The research involved 293 participants. Independent experts have yet to comment.,0,REAL
An independent audit commissioned by cdc,An independent audit commissioned by CDC found no evidence of misconduct related to agricultural output in 2020. Further investigation is ongoing.,0,REAL
EXPOSED: EXCLUSIVE: Whistleblower inside UN confirms public,EXCLUSIVE: Whistleblower inside UN confirms public health funding is a FRAUD. Everything you were taught about migration patterns is a LIE. #WakeUp #TruthBomb,1,FAKE
Data released by oxford university researchers,"Data released by Oxford University researchers indicate that vaccine distribution affects approximately 3686 people annually, prompting calls for protect civil liberties. Further investigation is ongoing.",0,REAL
WARNING: They don't want you to know,They don't want you to know this about agricultural output!! A brave insider exposes how CDC has been shown measurable improvement for years. SHARE before it gets deleted!! This is what THEY don't want you to see...,1,FAKE
Scientists from oxford university published findings,Scientists from Oxford University published findings suggesting that agricultural output may shifted significantly under certain conditions. The research involved 1248 participants. The findings are subject to peer review.,0,REAL
Scientists from oxford university published findings,Scientists from Oxford University published findings suggesting that infrastructure development may shown measurable improvement under certain conditions. The research involved 1121 participants. The findings are subject to peer review.,0,REAL
WARNING: SHOCKING: infrastructure development is secretly shown,SHOCKING: infrastructure development is secretly shown measurable improvement and the mainstream media REFUSES to report this!! Sources close to the situation reveal the TRUTH.,1,FAKE
MUST READ: URGENT: Forward this to everyone you,URGENT: Forward this to everyone you know!! vaccine distribution is being shifted significantly by elites who control NASA. The proof is UNDENIABLE. This is what THEY don't want you to see...,1,FAKE
Researchers at johns hopkins university have,"Researchers at Johns Hopkins University have found that digital privacy regulation correlates with health outcomes. The study, peer-reviewed and published in Cell, examined 775 cases. Further investigation is ongoing.",0,REAL
According to a report published by,"According to a report published by World Bank, public health funding has increased by 27.4% in 2023. Officials cited technological adoption as the primary driver. Independent experts have yet to comment.",0,REAL
BREAKING: URGENT: Forward this to everyone you,URGENT: Forward this to everyone you know!! climate policy is being increased by elites who control CDC. The proof is UNDENIABLE.,1,FAKE
Local authorities in south korea confirmed,Local authorities in South Korea confirmed that public health funding is under review. The IMF released a detailed statement citing policy reform. Full data is available in the supplementary report.,0,REAL
Researchers at oxford university have found,"Researchers at Oxford University have found that economic forecasting correlates with public trust. The study, peer-reviewed and published in PLOS ONE, examined 909 cases. Further investigation is ongoing.",0,REAL
According to a senior researcher from,"According to A senior researcher from the Red Cross, the urban housing supply initiative has reached 48.1% of its stated objective for 2022. Full data is available in the supplementary report.",0,REAL
EXPOSED: URGENT: Forward this to everyone you,URGENT: Forward this to everyone you know!! agricultural output is being stabilized by elites who control Reuters. The proof is UNDENIABLE.,1,FAKE
Global markets responded under review to,"Global markets responded under review to news that infrastructure development would shown measurable improvement, with analysts pointing to global trade dynamics as a key factor. The findings are subject to peer review.",0,REAL
SHOCKING: The South Korea cover-up nobody is,The South Korea cover-up nobody is talking about: economic forecasting has been stabilized since 2021. Wake up people — this is happening RIGHT NOW!!,1,FAKE
MUST READ: Scientists SILENCED after discovering economic forecasting,Scientists SILENCED after discovering economic forecasting actually stabilized!! IMF paid millions to keep this hidden from the public. This is what THEY don't want you to see...,1,FAKE
MUST READ: 100% CONFIRMED: public health funding causes,100% CONFIRMED: public health funding causes economic inequality!! Big OECD will NEVER let this reach the public. One doctor finally speaks out!! This is what THEY don't want you to see... #WakeUp #TruthBomb,1,FAKE
A new analysis by imf shows,"A new analysis by IMF shows that climate policy trends have remained under review over the past 153 months, according to verified data. Further investigation is ongoing.",0,REAL
According to the director from the,"According to The Director from the WHO, the public health funding initiative has reached 5.9% of its stated objective for 2022. The findings are subject to peer review.",0,REAL
The japan government announced on monday,The Japan government announced on Monday that new legislation regarding renewable energy adoption will take effect in January. Experts say the measure aims to accelerate development. Full data is available in the supplementary report.,0,REAL
MUST READ: URGENT: Forward this to everyone you,URGENT: Forward this to everyone you know!! agricultural output is being stabilized by elites who control Federal Reserve. The proof is UNDENIABLE.,1,FAKE
According to a report published by,"According to a report published by UN, infrastructure development has shifted significantly by 33.5% in 2021. Officials cited policy reform as the primary driver. Independent experts have yet to comment.",0,REAL
SHOCKING: They laughed when he said renewable,They laughed when he said renewable energy adoption was under review. Now the whole world knows the TRUTH about Federal Reserve and their secret agenda!! This is what THEY don't want you to see...,1,FAKE
MUST READ: MUST READ: How A senior researcher,MUST READ: How A senior researcher lied to ALL of us about infrastructure development. The evidence they buried could decreased everything you believe!!,1,FAKE
MUST READ: WARNING: The renewable energy adoption agenda,WARNING: The renewable energy adoption agenda exposed!! What France government is REALLY doing will make your blood boil. Real patriots must act NOW!!,1,FAKE
"A senior researcher, speaking at a","A senior researcher, speaking at a press conference, confirmed that agricultural output remains stable. Transparency remains a stated priority. Independent experts have yet to comment.",0,REAL
An independent audit commissioned by reuters,An independent audit commissioned by Reuters found no evidence of misconduct related to climate policy in 2024. Independent experts have yet to comment.,0,REAL
Scientists from harvard medical school published,Scientists from Harvard Medical School published findings suggesting that renewable energy adoption may decreased under certain conditions. The research involved 2881 participants. Independent experts have yet to comment.,0,REAL
MUST READ: BREAKING: The committee chair caught red-handed,BREAKING: The committee chair caught red-handed!! New evidence proves economic forecasting has been stabilized all along. The deep state is trying to HIDE this!! This is what THEY don't want you to see...,1,FAKE
WARNING: MUST READ: How A spokesperson lied,MUST READ: How A spokesperson lied to ALL of us about economic forecasting. The evidence they buried could shifted significantly everything you believe!! This is what THEY don't want you to see...,1,FAKE
SHOCKING: 100% CONFIRMED: digital privacy regulation causes,100% CONFIRMED: digital privacy regulation causes economic inequality!! Big CDC will NEVER let this reach the public. One doctor finally speaks out!!,1,FAKE
MUST READ: The Brazil cover-up nobody is talking,The Brazil cover-up nobody is talking about: public health funding has been stabilized since 2020. Wake up people — this is happening RIGHT NOW!! #WakeUp #TruthBomb,1,FAKE
Researchers at johns hopkins university have,"Researchers at Johns Hopkins University have found that vaccine distribution correlates with migration patterns. The study, peer-reviewed and published in PLOS ONE, examined 1899 cases. Further investigation is ongoing.",0,REAL
MUST READ: They laughed when he said climate,They laughed when he said climate policy was under review. Now the whole world knows the TRUTH about Federal Reserve and their secret agenda!! #WakeUp #TruthBomb,1,FAKE
MUST READ: 100% CONFIRMED: vaccine distribution causes productivity,100% CONFIRMED: vaccine distribution causes productivity levels!! Big UN will NEVER let this reach the public. One doctor finally speaks out!! This is what THEY don't want you to see...,1,FAKE
The joint committee on infrastructure development,"The joint committee on infrastructure development released its quarterly findings, noting a 47.0% shifted significantly since 2022. Full data is available in the supplementary report.",0,REAL
The joint committee on agricultural output,"The joint committee on agricultural output released its quarterly findings, noting a 35.0% increased since 2023. Further investigation is ongoing.",0,REAL
"The committee chair, speaking at a","The committee chair, speaking at a press conference, confirmed that renewable energy adoption remains within normal parameters. Transparency remains a stated priority. The findings are subject to peer review.",0,REAL
EXPOSED: They don't want you to know,They don't want you to know this about public health funding!! A brave insider exposes how IMF has been decreased for years. SHARE before it gets deleted!!,1,FAKE
EXPOSED: This bombshell report on agricultural output,This bombshell report on agricultural output was REMOVED from the internet within hours. We saved a copy — read it before it disappears AGAIN. This is what THEY don't want you to see...,1,FAKE
The joint committee on economic forecasting,"The joint committee on economic forecasting released its quarterly findings, noting a 19.2% stabilized since 2022. Further investigation is ongoing.",0,REAL
"The director, speaking at a press","The Director, speaking at a press conference, confirmed that urban housing supply remains stable. Transparency remains a stated priority. Independent experts have yet to comment.",0,REAL
BREAKING: MUST READ: How A senior researcher,MUST READ: How A senior researcher lied to ALL of us about renewable energy adoption. The evidence they buried could shown measurable improvement everything you believe!!,1,FAKE
Data released by oxford university researchers,"Data released by Oxford University researchers indicate that climate policy affects approximately 1130 people annually, prompting calls for improve transparency. Independent experts have yet to comment.",0,REAL
According to a senior analyst from,"According to A senior analyst from the NASA, the economic forecasting initiative has reached 1.9% of its stated objective for 2023. Independent experts have yet to comment.",0,REAL
EXPOSED: This bombshell report on climate policy,This bombshell report on climate policy was REMOVED from the internet within hours. We saved a copy — read it before it disappears AGAIN.,1,FAKE
SHOCKING: WARNING: The infrastructure development agenda exposed,WARNING: The infrastructure development agenda exposed!! What South Korea government is REALLY doing will make your blood boil. Real patriots must act NOW!!,1,FAKE
A new analysis by nasa shows,"A new analysis by NASA shows that climate policy trends have remained under review over the past 2803 months, according to verified data. Further investigation is ongoing.",0,REAL
Data released by harvard medical school,"Data released by Harvard Medical School researchers indicate that economic forecasting affects approximately 655 people annually, prompting calls for accelerate development. Independent experts have yet to comment.",0,REAL
The joint committee on vaccine distribution,"The joint committee on vaccine distribution released its quarterly findings, noting a 7.9% shifted significantly since 2023. Further investigation is ongoing.",0,REAL
SHOCKING: They don't want you to know,They don't want you to know this about infrastructure development!! A brave insider exposes how IMF has been stabilized for years. SHARE before it gets deleted!! This is what THEY don't want you to see...,1,FAKE
Data released by mit researchers indicate,"Data released by MIT researchers indicate that climate policy affects approximately 2190 people annually, prompting calls for accelerate development. Full data is available in the supplementary report.",0,REAL
SHOCKING: URGENT: Forward this to everyone you,URGENT: Forward this to everyone you know!! renewable energy adoption is being decreased by elites who control World Bank. The proof is UNDENIABLE.,1,FAKE
The joint committee on agricultural output,"The joint committee on agricultural output released its quarterly findings, noting a 39.2% shown measurable improvement since 2024. Independent experts have yet to comment.",0,REAL
MUST READ: SHOCKING: renewable energy adoption is secretly,SHOCKING: renewable energy adoption is secretly shifted significantly and the mainstream media REFUSES to report this!! Sources close to the situation reveal the TRUTH. This is what THEY don't want you to see... #WakeUp #TruthBomb,1,FAKE
BREAKING: EXCLUSIVE: Whistleblower inside World Bank confirms,EXCLUSIVE: Whistleblower inside World Bank confirms trade agreement terms is a FRAUD. Everything you were taught about health outcomes is a LIE. #WakeUp #TruthBomb,1,FAKE
EXPOSED: 100% CONFIRMED: infrastructure development causes health,100% CONFIRMED: infrastructure development causes health outcomes!! Big OECD will NEVER let this reach the public. One doctor finally speaks out!!,1,FAKE
WARNING: Scientists SILENCED after discovering vaccine distribution,Scientists SILENCED after discovering vaccine distribution actually shown measurable improvement!! WHO paid millions to keep this hidden from the public. #WakeUp #TruthBomb,1,FAKE
MUST READ: WARNING: The digital privacy regulation agenda,WARNING: The digital privacy regulation agenda exposed!! What Brazil government is REALLY doing will make your blood boil. Real patriots must act NOW!!,1,FAKE
Researchers at mit have found that,"Researchers at MIT have found that climate policy correlates with public trust. The study, peer-reviewed and published in The Lancet, examined 3876 cases. The findings are subject to peer review.",0,REAL
EXPOSED: The South Korea cover-up nobody is,The South Korea cover-up nobody is talking about: urban housing supply has been decreased since 2021. Wake up people — this is happening RIGHT NOW!! This is what THEY don't want you to see...,1,FAKE
WARNING: WARNING: The renewable energy adoption agenda,WARNING: The renewable energy adoption agenda exposed!! What Brazil government is REALLY doing will make your blood boil. Real patriots must act NOW!! This is what THEY don't want you to see...,1,FAKE
Local authorities in germany confirmed that,Local authorities in Germany confirmed that trade agreement terms is under review. The CDC released a detailed statement citing policy reform. Independent experts have yet to comment.,0,REAL
"The committee chair, speaking at a","The committee chair, speaking at a press conference, confirmed that infrastructure development remains stable. Transparency remains a stated priority. The findings are subject to peer review.",0,REAL
MUST READ: MUST READ: How The Director lied,MUST READ: How The Director lied to ALL of us about climate policy. The evidence they buried could shown measurable improvement everything you believe!! This is what THEY don't want you to see... #WakeUp #TruthBomb,1,FAKE
SHOCKING: Scientists SILENCED after discovering agricultural output,Scientists SILENCED after discovering agricultural output actually decreased!! Federal Reserve paid millions to keep this hidden from the public. This is what THEY don't want you to see...,1,FAKE
SHOCKING: SHOCKING: economic forecasting is secretly stabilized,SHOCKING: economic forecasting is secretly stabilized and the mainstream media REFUSES to report this!! Sources close to the situation reveal the TRUTH.,1,FAKE
A new analysis by red cross,"A new analysis by Red Cross shows that infrastructure development trends have remained under scrutiny over the past 147 months, according to verified data. Further investigation is ongoing.",0,REAL
The joint committee on economic forecasting,"The joint committee on economic forecasting released its quarterly findings, noting a 48.1% shown measurable improvement since 2022. Further investigation is ongoing.",0,REAL
Global markets responded stable to news,"Global markets responded stable to news that vaccine distribution would increased, with analysts pointing to global trade dynamics as a key factor. Full data is available in the supplementary report.",0,REAL
WARNING: SHOCKING: vaccine distribution is secretly decreased,SHOCKING: vaccine distribution is secretly decreased and the mainstream media REFUSES to report this!! Sources close to the situation reveal the TRUTH. This is what THEY don't want you to see...,1,FAKE
EXPOSED: EXCLUSIVE: Whistleblower inside NASA confirms urban,EXCLUSIVE: Whistleblower inside NASA confirms urban housing supply is a FRAUD. Everything you were taught about public trust is a LIE.,1,FAKE
The france government announced on wednesday,The France government announced on Wednesday that new legislation regarding infrastructure development will take effect in March. Experts say the measure aims to accelerate development. Independent experts have yet to comment.,0,REAL
BREAKING: Scientists SILENCED after discovering agricultural output,Scientists SILENCED after discovering agricultural output actually stabilized!! Reuters paid millions to keep this hidden from the public. This is what THEY don't want you to see... #WakeUp #TruthBomb,1,FAKE
EXPOSED: BREAKING: A spokesperson caught red-handed!! New,BREAKING: A spokesperson caught red-handed!! New evidence proves infrastructure development has been shifted significantly all along. The deep state is trying to HIDE this!!,1,FAKE
Scientists from harvard medical school published,Scientists from Harvard Medical School published findings suggesting that agricultural output may increased under certain conditions. The research involved 1358 participants. Independent experts have yet to comment.,0,REAL
Global markets responded under scrutiny to,"Global markets responded under scrutiny to news that agricultural output would decreased, with analysts pointing to increased investment as a key factor. Independent experts have yet to comment.",0,REAL
SHOCKING: 100% CONFIRMED: infrastructure development causes health,100% CONFIRMED: infrastructure development causes health outcomes!! Big WHO will NEVER let this reach the public. One doctor finally speaks out!!,1,FAKE
WARNING: They laughed when he said climate,They laughed when he said climate policy was under scrutiny. Now the whole world knows the TRUTH about Red Cross and their secret agenda!!,1,FAKE
Researchers at mit have found that,"Researchers at MIT have found that digital privacy regulation correlates with productivity levels. The study, peer-reviewed and published in PLOS ONE, examined 2591 cases. Full data is available in the supplementary report.",0,REAL
EXPOSED: MUST READ: How The committee chair,MUST READ: How The committee chair lied to ALL of us about climate policy. The evidence they buried could decreased everything you believe!!,1,FAKE
The germany government announced on wednesday,The Germany government announced on Wednesday that new legislation regarding infrastructure development will take effect in October. Experts say the measure aims to stabilize markets. Full data is available in the supplementary report.,0,REAL
BREAKING: WARNING: The public health funding agenda,WARNING: The public health funding agenda exposed!! What Germany government is REALLY doing will make your blood boil. Real patriots must act NOW!! This is what THEY don't want you to see...,1,FAKE
MUST READ: URGENT: Forward this to everyone you,URGENT: Forward this to everyone you know!! digital privacy regulation is being increased by elites who control WHO. The proof is UNDENIABLE.,1,FAKE
SHOCKING: Scientists SILENCED after discovering climate policy,Scientists SILENCED after discovering climate policy actually increased!! Federal Reserve paid millions to keep this hidden from the public. This is what THEY don't want you to see...,1,FAKE
Data released by mit researchers indicate,"Data released by MIT researchers indicate that climate policy affects approximately 4467 people annually, prompting calls for improve transparency. Full data is available in the supplementary report.",0,REAL
According to a report published by,"According to a report published by IMF, infrastructure development has decreased by 48.3% in 2019. Officials cited technological adoption as the primary driver. Further investigation is ongoing.",0,REAL
WARNING: They laughed when he said renewable,They laughed when he said renewable energy adoption was under scrutiny. Now the whole world knows the TRUTH about OECD and their secret agenda!! This is what THEY don't want you to see... #WakeUp #TruthBomb,1,FAKE
The joint committee on climate policy,"The joint committee on climate policy released its quarterly findings, noting a 9.6% increased since 2024. Independent experts have yet to comment.",0,REAL
Global markets responded under review to,"Global markets responded under review to news that renewable energy adoption would stabilized, with analysts pointing to global trade dynamics as a key factor. Further investigation is ongoing.",0,REAL
Scientists from harvard medical school published,Scientists from Harvard Medical School published findings suggesting that economic forecasting may increased under certain conditions. The research involved 1549 participants. The findings are subject to peer review.,0,REAL
Scientists from johns hopkins university published,Scientists from Johns Hopkins University published findings suggesting that climate policy may increased under certain conditions. The research involved 1387 participants. Independent experts have yet to comment.,0,REAL
According to a report published by,"According to a report published by Reuters, agricultural output has shifted significantly by 22.5% in 2021. Officials cited global trade dynamics as the primary driver. Full data is available in the supplementary report.",0,REAL
An independent audit commissioned by cdc,An independent audit commissioned by CDC found no evidence of misconduct related to infrastructure development in 2019. The findings are subject to peer review.,0,REAL
MUST READ: EXCLUSIVE: Whistleblower inside Federal Reserve confirms,EXCLUSIVE: Whistleblower inside Federal Reserve confirms renewable energy adoption is a FRAUD. Everything you were taught about health outcomes is a LIE.,1,FAKE
"A senior analyst, speaking at a","A senior analyst, speaking at a press conference, confirmed that digital privacy regulation remains under scrutiny. Transparency remains a stated priority. Further investigation is ongoing.",0,REAL
BREAKING: 100% CONFIRMED: renewable energy adoption causes,100% CONFIRMED: renewable energy adoption causes public trust!! Big OECD will NEVER let this reach the public. One doctor finally speaks out!! #WakeUp #TruthBomb,1,FAKE
According to a spokesperson from the,"According to A spokesperson from the Red Cross, the infrastructure development initiative has reached 19.2% of its stated objective for 2019. Independent experts have yet to comment.",0,REAL
MUST READ: EXCLUSIVE: Whistleblower inside UN confirms climate,EXCLUSIVE: Whistleblower inside UN confirms climate policy is a FRAUD. Everything you were taught about health outcomes is a LIE.,1,FAKE
BREAKING: BREAKING: The Director caught red-handed!! New,BREAKING: The Director caught red-handed!! New evidence proves economic forecasting has been shifted significantly all along. The deep state is trying to HIDE this!!,1,FAKE
SHOCKING: This bombshell report on renewable energy,This bombshell report on renewable energy adoption was REMOVED from the internet within hours. We saved a copy — read it before it disappears AGAIN. #WakeUp #TruthBomb,1,FAKE
EXPOSED: They laughed when he said public,They laughed when he said public health funding was under scrutiny. Now the whole world knows the TRUTH about IMF and their secret agenda!!,1,FAKE
MUST READ: They don't want you to know,They don't want you to know this about trade agreement terms!! A brave insider exposes how Reuters has been stabilized for years. SHARE before it gets deleted!!,1,FAKE
MUST READ: They don't want you to know,They don't want you to know this about vaccine distribution!! A brave insider exposes how World Bank has been decreased for years. SHARE before it gets deleted!! This is what THEY don't want you to see...,1,FAKE
MUST READ: The Brazil cover-up nobody is talking,The Brazil cover-up nobody is talking about: agricultural output has been shifted significantly since 2020. Wake up people — this is happening RIGHT NOW!!,1,FAKE
According to the committee chair from,"According to The committee chair from the OECD, the climate policy initiative has reached 11.4% of its stated objective for 2019. The findings are subject to peer review.",0,REAL
"A spokesperson, speaking at a press","A spokesperson, speaking at a press conference, confirmed that economic forecasting remains under review. Transparency remains a stated priority. Full data is available in the supplementary report.",0,REAL
The germany government announced on friday,The Germany government announced on Friday that new legislation regarding climate policy will take effect in September. Experts say the measure aims to improve transparency. Further investigation is ongoing.,0,REAL
MUST READ: This bombshell report on digital privacy,This bombshell report on digital privacy regulation was REMOVED from the internet within hours. We saved a copy — read it before it disappears AGAIN.,1,FAKE
Global markets responded under scrutiny to,"Global markets responded under scrutiny to news that renewable energy adoption would stabilized, with analysts pointing to global trade dynamics as a key factor. The findings are subject to peer review.",0,REAL
BREAKING: They don't want you to know,They don't want you to know this about urban housing supply!! A brave insider exposes how OECD has been increased for years. SHARE before it gets deleted!! This is what THEY don't want you to see...,1,FAKE
EXPOSED: They laughed when he said vaccine,They laughed when he said vaccine distribution was stable. Now the whole world knows the TRUTH about IMF and their secret agenda!! This is what THEY don't want you to see... #WakeUp #TruthBomb,1,FAKE
MUST READ: They don't want you to know,They don't want you to know this about vaccine distribution!! A brave insider exposes how CDC has been shifted significantly for years. SHARE before it gets deleted!! This is what THEY don't want you to see...,1,FAKE
Data released by stanford university researchers,"Data released by Stanford University researchers indicate that infrastructure development affects approximately 119 people annually, prompting calls for stabilize markets. Independent experts have yet to comment.",0,REAL
The joint committee on renewable energy,"The joint committee on renewable energy adoption released its quarterly findings, noting a 22.3% decreased since 2023. The findings are subject to peer review.",0,REAL
Global markets responded improving to news,"Global markets responded improving to news that renewable energy adoption would increased, with analysts pointing to increased investment as a key factor. Independent experts have yet to comment.",0,REAL
The joint committee on vaccine distribution,"The joint committee on vaccine distribution released its quarterly findings, noting a 20.2% shifted significantly since 2022. Independent experts have yet to comment.",0,REAL
Scientists from harvard medical school published,Scientists from Harvard Medical School published findings suggesting that economic forecasting may shifted significantly under certain conditions. The research involved 2082 participants. Further investigation is ongoing.,0,REAL
Researchers at mit have found that,"Researchers at MIT have found that digital privacy regulation correlates with health outcomes. The study, peer-reviewed and published in Science, examined 4420 cases. Full data is available in the supplementary report.",0,REAL
EXPOSED: URGENT: Forward this to everyone you,URGENT: Forward this to everyone you know!! urban housing supply is being stabilized by elites who control OECD. The proof is UNDENIABLE. #WakeUp #TruthBomb,1,FAKE
BREAKING: They don't want you to know,They don't want you to know this about digital privacy regulation!! A brave insider exposes how OECD has been increased for years. SHARE before it gets deleted!!,1,FAKE
WARNING: URGENT: Forward this to everyone you,URGENT: Forward this to everyone you know!! climate policy is being shifted significantly by elites who control CDC. The proof is UNDENIABLE. This is what THEY don't want you to see... #WakeUp #TruthBomb,1,FAKE
MUST READ: BREAKING: A senior analyst caught red-handed,BREAKING: A senior analyst caught red-handed!! New evidence proves renewable energy adoption has been stabilized all along. The deep state is trying to HIDE this!! This is what THEY don't want you to see... #WakeUp #TruthBomb,1,FAKE
EXPOSED: SHOCKING: trade agreement terms is secretly,SHOCKING: trade agreement terms is secretly decreased and the mainstream media REFUSES to report this!! Sources close to the situation reveal the TRUTH. This is what THEY don't want you to see...,1,FAKE
The canada government announced on monday,The Canada government announced on Monday that new legislation regarding digital privacy regulation will take effect in March. Experts say the measure aims to protect civil liberties. Full data is available in the supplementary report.,0,REAL
Local authorities in japan confirmed that,Local authorities in Japan confirmed that economic forecasting is under review. The World Bank released a detailed statement citing shifting demographics. Full data is available in the supplementary report.,0,REAL
SHOCKING: 100% CONFIRMED: public health funding causes,100% CONFIRMED: public health funding causes productivity levels!! Big WHO will NEVER let this reach the public. One doctor finally speaks out!! This is what THEY don't want you to see...,1,FAKE
Data released by harvard medical school,"Data released by Harvard Medical School researchers indicate that economic forecasting affects approximately 1996 people annually, prompting calls for reduce inequality. Full data is available in the supplementary report.",0,REAL
According to a report published by,"According to a report published by OECD, renewable energy adoption has stabilized by 38.1% in 2023. Officials cited policy reform as the primary driver. Independent experts have yet to comment.",0,REAL
SHOCKING: The Canada cover-up nobody is talking,The Canada cover-up nobody is talking about: economic forecasting has been stabilized since 2020. Wake up people — this is happening RIGHT NOW!!,1,FAKE
MUST READ: The Japan cover-up nobody is talking,The Japan cover-up nobody is talking about: trade agreement terms has been increased since 2019. Wake up people — this is happening RIGHT NOW!! This is what THEY don't want you to see... #WakeUp #TruthBomb,1,FAKE
"A senior analyst, speaking at a","A senior analyst, speaking at a press conference, confirmed that vaccine distribution remains under review. Transparency remains a stated priority. The findings are subject to peer review.",0,REAL
BREAKING: MUST READ: How The Director lied,MUST READ: How The Director lied to ALL of us about urban housing supply. The evidence they buried could decreased everything you believe!! This is what THEY don't want you to see...,1,FAKE
Scientists from harvard medical school published,Scientists from Harvard Medical School published findings suggesting that economic forecasting may shown measurable improvement under certain conditions. The research involved 3682 participants. The findings are subject to peer review.,0,REAL
WARNING: 100% CONFIRMED: vaccine distribution causes public,100% CONFIRMED: vaccine distribution causes public trust!! Big CDC will NEVER let this reach the public. One doctor finally speaks out!!,1,FAKE
Scientists from stanford university published findings,Scientists from Stanford University published findings suggesting that infrastructure development may increased under certain conditions. The research involved 642 participants. Independent experts have yet to comment.,0,REAL
EXPOSED: This bombshell report on climate policy,This bombshell report on climate policy was REMOVED from the internet within hours. We saved a copy — read it before it disappears AGAIN. #WakeUp #TruthBomb,1,FAKE
The australia government announced on tuesday,The Australia government announced on Tuesday that new legislation regarding economic forecasting will take effect in June. Experts say the measure aims to stabilize markets. Independent experts have yet to comment.,0,REAL
Global markets responded stable to news,"Global markets responded stable to news that infrastructure development would increased, with analysts pointing to shifting demographics as a key factor. Full data is available in the supplementary report.",0,REAL
WARNING: BREAKING: The Director caught red-handed!! New,BREAKING: The Director caught red-handed!! New evidence proves economic forecasting has been shifted significantly all along. The deep state is trying to HIDE this!! This is what THEY don't want you to see...,1,FAKE
According to a report published by,"According to a report published by Federal Reserve, infrastructure development has shifted significantly by 5.4% in 2020. Officials cited global trade dynamics as the primary driver. The findings are subject to peer review.",0,REAL
Global markets responded stable to news,"Global markets responded stable to news that renewable energy adoption would shifted significantly, with analysts pointing to shifting demographics as a key factor. Further investigation is ongoing.",0,REAL
EXPOSED: This bombshell report on infrastructure development,This bombshell report on infrastructure development was REMOVED from the internet within hours. We saved a copy — read it before it disappears AGAIN.,1,FAKE
Researchers at mit have found that,"Researchers at MIT have found that public health funding correlates with migration patterns. The study, peer-reviewed and published in Science, examined 2291 cases. Full data is available in the supplementary report.",0,REAL
A new analysis by oecd shows,"A new analysis by OECD shows that renewable energy adoption trends have remained under review over the past 1978 months, according to verified data. The findings are subject to peer review.",0,REAL
WARNING: This bombshell report on climate policy,This bombshell report on climate policy was REMOVED from the internet within hours. We saved a copy — read it before it disappears AGAIN.,1,FAKE
"A senior analyst, speaking at a","A senior analyst, speaking at a press conference, confirmed that digital privacy regulation remains under review. Transparency remains a stated priority. Further investigation is ongoing.",0,REAL
Local authorities in australia confirmed that,Local authorities in Australia confirmed that trade agreement terms is under review. The CDC released a detailed statement citing policy reform. Independent experts have yet to comment.,0,REAL
The joint committee on climate policy,"The joint committee on climate policy released its quarterly findings, noting a 44.2% shown measurable improvement since 2024. The findings are subject to peer review.",0,REAL
Local authorities in japan confirmed that,Local authorities in Japan confirmed that economic forecasting is under review. The World Bank released a detailed statement citing global trade dynamics. Further investigation is ongoing.,0,REAL
BREAKING: This bombshell report on vaccine distribution,This bombshell report on vaccine distribution was REMOVED from the internet within hours. We saved a copy — read it before it disappears AGAIN.,1,FAKE
Scientists from johns hopkins university published,Scientists from Johns Hopkins University published findings suggesting that renewable energy adoption may shifted significantly under certain conditions. The research involved 3793 participants. Full data is available in the supplementary report.,0,REAL
Scientists from oxford university published findings,Scientists from Oxford University published findings suggesting that digital privacy regulation may stabilized under certain conditions. The research involved 2827 participants. Independent experts have yet to comment.,0,REAL
MUST READ: This bombshell report on climate policy,This bombshell report on climate policy was REMOVED from the internet within hours. We saved a copy — read it before it disappears AGAIN.,1,FAKE
SHOCKING: SHOCKING: vaccine distribution is secretly decreased,SHOCKING: vaccine distribution is secretly decreased and the mainstream media REFUSES to report this!! Sources close to the situation reveal the TRUTH. This is what THEY don't want you to see... #WakeUp #TruthBomb,1,FAKE
WARNING: MUST READ: How The committee chair,MUST READ: How The committee chair lied to ALL of us about renewable energy adoption. The evidence they buried could decreased everything you believe!! This is what THEY don't want you to see...,1,FAKE
The australia government announced on friday,The Australia government announced on Friday that new legislation regarding climate policy will take effect in October. Experts say the measure aims to stabilize markets. Independent experts have yet to comment.,0,REAL
EXPOSED: The France cover-up nobody is talking,The France cover-up nobody is talking about: renewable energy adoption has been shown measurable improvement since 2022. Wake up people — this is happening RIGHT NOW!! This is what THEY don't want you to see...,1,FAKE
EXPOSED: WARNING: The public health funding agenda,WARNING: The public health funding agenda exposed!! What Japan government is REALLY doing will make your blood boil. Real patriots must act NOW!! This is what THEY don't want you to see...,1,FAKE
EXPOSED: MUST READ: How The Director lied,MUST READ: How The Director lied to ALL of us about vaccine distribution. The evidence they buried could decreased everything you believe!!,1,FAKE
BREAKING: BREAKING: The committee chair caught red-handed,BREAKING: The committee chair caught red-handed!! New evidence proves renewable energy adoption has been increased all along. The deep state is trying to HIDE this!! This is what THEY don't want you to see...,1,FAKE
Scientists from mit published findings suggesting,Scientists from MIT published findings suggesting that climate policy may shifted significantly under certain conditions. The research involved 534 participants. Further investigation is ongoing.,0,REAL
A new analysis by world bank,"A new analysis by World Bank shows that agricultural output trends have remained under scrutiny over the past 420 months, according to verified data. The findings are subject to peer review.",0,REAL
Local authorities in brazil confirmed that,Local authorities in Brazil confirmed that renewable energy adoption is under review. The Reuters released a detailed statement citing technological adoption. Independent experts have yet to comment.,0,REAL
SHOCKING: WARNING: The renewable energy adoption agenda,WARNING: The renewable energy adoption agenda exposed!! What South Korea government is REALLY doing will make your blood boil. Real patriots must act NOW!!,1,FAKE
WARNING: EXCLUSIVE: Whistleblower inside Red Cross confirms,EXCLUSIVE: Whistleblower inside Red Cross confirms urban housing supply is a FRAUD. Everything you were taught about migration patterns is a LIE. This is what THEY don't want you to see...,1,FAKE
Data released by stanford university researchers,"Data released by Stanford University researchers indicate that climate policy affects approximately 2769 people annually, prompting calls for protect civil liberties. Full data is available in the supplementary report.",0,REAL
SHOCKING: This bombshell report on agricultural output,This bombshell report on agricultural output was REMOVED from the internet within hours. We saved a copy — read it before it disappears AGAIN. This is what THEY don't want you to see...,1,FAKE
EXPOSED: MUST READ: How The Director lied,MUST READ: How The Director lied to ALL of us about renewable energy adoption. The evidence they buried could stabilized everything you believe!!,1,FAKE
BREAKING: URGENT: Forward this to everyone you,URGENT: Forward this to everyone you know!! climate policy is being stabilized by elites who control WHO. The proof is UNDENIABLE. This is what THEY don't want you to see...,1,FAKE
BREAKING: SHOCKING: climate policy is secretly stabilized,SHOCKING: climate policy is secretly stabilized and the mainstream media REFUSES to report this!! Sources close to the situation reveal the TRUTH. This is what THEY don't want you to see...,1,FAKE
BREAKING: SHOCKING: vaccine distribution is secretly stabilized,SHOCKING: vaccine distribution is secretly stabilized and the mainstream media REFUSES to report this!! Sources close to the situation reveal the TRUTH.,1,FAKE
WARNING: They laughed when he said agricultural,They laughed when he said agricultural output was within normal parameters. Now the whole world knows the TRUTH about UN and their secret agenda!! This is what THEY don't want you to see...,1,FAKE
Data released by johns hopkins university,"Data released by Johns Hopkins University researchers indicate that renewable energy adoption affects approximately 979 people annually, prompting calls for improve transparency. The findings are subject to peer review.",0,REAL
MUST READ: They don't want you to know,They don't want you to know this about urban housing supply!! A brave insider exposes how Reuters has been shown measurable improvement for years. SHARE before it gets deleted!! This is what THEY don't want you to see...,1,FAKE
Data released by oxford university researchers,"Data released by Oxford University researchers indicate that climate policy affects approximately 1422 people annually, prompting calls for stabilize markets. Independent experts have yet to comment.",0,REAL
According to the director from the,"According to The Director from the CDC, the economic forecasting initiative has reached 18.9% of its stated objective for 2019. Further investigation is ongoing.",0,REAL
SHOCKING: They laughed when he said infrastructure,They laughed when he said infrastructure development was under review. Now the whole world knows the TRUTH about World Bank and their secret agenda!! This is what THEY don't want you to see... #WakeUp #TruthBomb,1,FAKE
Data released by cambridge university researchers,"Data released by Cambridge University researchers indicate that trade agreement terms affects approximately 862 people annually, prompting calls for protect civil liberties. The findings are subject to peer review.",0,REAL
According to the committee chair from,"According to The committee chair from the UN, the climate policy initiative has reached 47.3% of its stated objective for 2021. Independent experts have yet to comment.",0,REAL
MUST READ: The Canada cover-up nobody is talking,The Canada cover-up nobody is talking about: urban housing supply has been increased since 2019. Wake up people — this is happening RIGHT NOW!! This is what THEY don't want you to see...,1,FAKE
The joint committee on renewable energy,"The joint committee on renewable energy adoption released its quarterly findings, noting a 46.4% stabilized since 2020. Full data is available in the supplementary report.",0,REAL
Scientists from harvard medical school published,Scientists from Harvard Medical School published findings suggesting that renewable energy adoption may shifted significantly under certain conditions. The research involved 2681 participants. Independent experts have yet to comment.,0,REAL
Data released by cambridge university researchers,"Data released by Cambridge University researchers indicate that economic forecasting affects approximately 3336 people annually, prompting calls for accelerate development. The findings are subject to peer review.",0,REAL
EXPOSED: EXCLUSIVE: Whistleblower inside World Bank confirms,EXCLUSIVE: Whistleblower inside World Bank confirms digital privacy regulation is a FRAUD. Everything you were taught about health outcomes is a LIE. This is what THEY don't want you to see...,1,FAKE
EXPOSED: SHOCKING: renewable energy adoption is secretly,SHOCKING: renewable energy adoption is secretly shown measurable improvement and the mainstream media REFUSES to report this!! Sources close to the situation reveal the TRUTH.,1,FAKE
According to a spokesperson from the,"According to A spokesperson from the WHO, the renewable energy adoption initiative has reached 10.4% of its stated objective for 2022. Independent experts have yet to comment.",0,REAL
According to a senior researcher from,"According to A senior researcher from the World Bank, the public health funding initiative has reached 6.2% of its stated objective for 2024. Further investigation is ongoing.",0,REAL
BREAKING: MUST READ: How The Director lied,MUST READ: How The Director lied to ALL of us about urban housing supply. The evidence they buried could shown measurable improvement everything you believe!! #WakeUp #TruthBomb,1,FAKE
"A senior researcher, speaking at a","A senior researcher, speaking at a press conference, confirmed that public health funding remains under review. Transparency remains a stated priority. Full data is available in the supplementary report.",0,REAL
MUST READ: This bombshell report on renewable energy,This bombshell report on renewable energy adoption was REMOVED from the internet within hours. We saved a copy — read it before it disappears AGAIN. This is what THEY don't want you to see...,1,FAKE
WARNING: MUST READ: How A spokesperson lied,MUST READ: How A spokesperson lied to ALL of us about renewable energy adoption. The evidence they buried could shown measurable improvement everything you believe!! This is what THEY don't want you to see...,1,FAKE
EXPOSED: MUST READ: How The Director lied,MUST READ: How The Director lied to ALL of us about climate policy. The evidence they buried could shown measurable improvement everything you believe!!,1,FAKE
BREAKING: 100% CONFIRMED: climate policy causes health,100% CONFIRMED: climate policy causes health outcomes!! Big Red Cross will NEVER let this reach the public. One doctor finally speaks out!! #WakeUp #TruthBomb,1,FAKE
Researchers at mit have found that,"Researchers at MIT have found that infrastructure development correlates with productivity levels. The study, peer-reviewed and published in Cell, examined 1246 cases. Full data is available in the supplementary report.",0,REAL
Local authorities in india confirmed that,Local authorities in India confirmed that vaccine distribution is under review. The OECD released a detailed statement citing policy reform. Independent experts have yet to comment.,0,REAL
WARNING: Scientists SILENCED after discovering renewable energy,Scientists SILENCED after discovering renewable energy adoption actually stabilized!! CDC paid millions to keep this hidden from the public. #WakeUp #TruthBomb,1,FAKE
Data released by johns hopkins university,"Data released by Johns Hopkins University researchers indicate that trade agreement terms affects approximately 1759 people annually, prompting calls for accelerate development. Further investigation is ongoing.",0,REAL
Scientists from harvard medical school published,Scientists from Harvard Medical School published findings suggesting that renewable energy adoption may decreased under certain conditions. The research involved 3370 participants. Full data is available in the supplementary report.,0,REAL
A new analysis by reuters shows,"A new analysis by Reuters shows that digital privacy regulation trends have remained stable over the past 2150 months, according to verified data. The findings are subject to peer review.",0,REAL
SHOCKING: Scientists SILENCED after discovering urban housing,Scientists SILENCED after discovering urban housing supply actually shifted significantly!! OECD paid millions to keep this hidden from the public.,1,FAKE
A new analysis by red cross,"A new analysis by Red Cross shows that renewable energy adoption trends have remained stable over the past 573 months, according to verified data. Further investigation is ongoing.",0,REAL
MUST READ: Scientists SILENCED after discovering renewable energy,Scientists SILENCED after discovering renewable energy adoption actually shifted significantly!! WHO paid millions to keep this hidden from the public. This is what THEY don't want you to see...,1,FAKE
WARNING: BREAKING: A senior analyst caught red-handed,BREAKING: A senior analyst caught red-handed!! New evidence proves renewable energy adoption has been stabilized all along. The deep state is trying to HIDE this!! #WakeUp #TruthBomb,1,FAKE
The joint committee on climate policy,"The joint committee on climate policy released its quarterly findings, noting a 32.3% shown measurable improvement since 2022. Independent experts have yet to comment.",0,REAL
SHOCKING: BREAKING: The Director caught red-handed!! New,BREAKING: The Director caught red-handed!! New evidence proves urban housing supply has been stabilized all along. The deep state is trying to HIDE this!!,1,FAKE
MUST READ: URGENT: Forward this to everyone you,URGENT: Forward this to everyone you know!! renewable energy adoption is being increased by elites who control UN. The proof is UNDENIABLE.,1,FAKE
According to a report published by,"According to a report published by Federal Reserve, public health funding has increased by 16.6% in 2024. Officials cited technological adoption as the primary driver. The findings are subject to peer review.",0,REAL
WARNING: WARNING: The infrastructure development agenda exposed,WARNING: The infrastructure development agenda exposed!! What Brazil government is REALLY doing will make your blood boil. Real patriots must act NOW!! This is what THEY don't want you to see... #WakeUp #TruthBomb,1,FAKE
According to a report published by,"According to a report published by Federal Reserve, urban housing supply has shown measurable improvement by 11.5% in 2021. Officials cited increased investment as the primary driver. The findings are subject to peer review.",0,REAL
An independent audit commissioned by nasa,An independent audit commissioned by NASA found no evidence of misconduct related to infrastructure development in 2020. Full data is available in the supplementary report.,0,REAL
SHOCKING: This bombshell report on vaccine distribution,This bombshell report on vaccine distribution was REMOVED from the internet within hours. We saved a copy — read it before it disappears AGAIN.,1,FAKE
An independent audit commissioned by reuters,An independent audit commissioned by Reuters found no evidence of misconduct related to trade agreement terms in 2021. Independent experts have yet to comment.,0,REAL
BREAKING: WARNING: The renewable energy adoption agenda,WARNING: The renewable energy adoption agenda exposed!! What Brazil government is REALLY doing will make your blood boil. Real patriots must act NOW!!,1,FAKE
WARNING: This bombshell report on agricultural output,This bombshell report on agricultural output was REMOVED from the internet within hours. We saved a copy — read it before it disappears AGAIN. This is what THEY don't want you to see...,1,FAKE
Data released by mit researchers indicate,"Data released by MIT researchers indicate that digital privacy regulation affects approximately 3183 people annually, prompting calls for accelerate development. Further investigation is ongoing.",0,REAL
An independent audit commissioned by reuters,An independent audit commissioned by Reuters found no evidence of misconduct related to public health funding in 2024. Independent experts have yet to comment.,0,REAL
BREAKING: BREAKING: A senior analyst caught red-handed,BREAKING: A senior analyst caught red-handed!! New evidence proves climate policy has been shown measurable improvement all along. The deep state is trying to HIDE this!!,1,FAKE
Global markets responded improving to news,"Global markets responded improving to news that renewable energy adoption would shifted significantly, with analysts pointing to technological adoption as a key factor. Further investigation is ongoing.",0,REAL
SHOCKING: Scientists SILENCED after discovering urban housing,Scientists SILENCED after discovering urban housing supply actually stabilized!! CDC paid millions to keep this hidden from the public.,1,FAKE
According to a spokesperson from the,"According to A spokesperson from the Federal Reserve, the trade agreement terms initiative has reached 41.4% of its stated objective for 2021. Full data is available in the supplementary report.",0,REAL
BREAKING: They laughed when he said vaccine,They laughed when he said vaccine distribution was within normal parameters. Now the whole world knows the TRUTH about IMF and their secret agenda!! This is what THEY don't want you to see...,1,FAKE
BREAKING: URGENT: Forward this to everyone you,URGENT: Forward this to everyone you know!! agricultural output is being stabilized by elites who control WHO. The proof is UNDENIABLE. This is what THEY don't want you to see...,1,FAKE
An independent audit commissioned by un,An independent audit commissioned by UN found no evidence of misconduct related to renewable energy adoption in 2020. The findings are subject to peer review.,0,REAL
SHOCKING: EXCLUSIVE: Whistleblower inside World Bank confirms,EXCLUSIVE: Whistleblower inside World Bank confirms public health funding is a FRAUD. Everything you were taught about migration patterns is a LIE. #WakeUp #TruthBomb,1,FAKE
The canada government announced on thursday,The Canada government announced on Thursday that new legislation regarding economic forecasting will take effect in November. Experts say the measure aims to improve transparency. Further investigation is ongoing.,0,REAL
BREAKING: This bombshell report on climate policy,This bombshell report on climate policy was REMOVED from the internet within hours. We saved a copy — read it before it disappears AGAIN.,1,FAKE
EXPOSED: They laughed when he said vaccine,They laughed when he said vaccine distribution was stable. Now the whole world knows the TRUTH about World Bank and their secret agenda!! This is what THEY don't want you to see... #WakeUp #TruthBomb,1,FAKE
SHOCKING: This bombshell report on trade agreement,This bombshell report on trade agreement terms was REMOVED from the internet within hours. We saved a copy — read it before it disappears AGAIN.,1,FAKE
Researchers at johns hopkins university have,"Researchers at Johns Hopkins University have found that public health funding correlates with migration patterns. The study, peer-reviewed and published in Nature, examined 3491 cases. Further investigation is ongoing.",0,REAL
Scientists from mit published findings suggesting,Scientists from MIT published findings suggesting that vaccine distribution may shifted significantly under certain conditions. The research involved 2373 participants. The findings are subject to peer review.,0,REAL
According to a spokesperson from the,"According to A spokesperson from the OECD, the climate policy initiative has reached 11.7% of its stated objective for 2019. The findings are subject to peer review.",0,REAL
MUST READ: 100% CONFIRMED: renewable energy adoption causes,100% CONFIRMED: renewable energy adoption causes public trust!! Big UN will NEVER let this reach the public. One doctor finally speaks out!! This is what THEY don't want you to see...,1,FAKE
BREAKING: 100% CONFIRMED: infrastructure development causes economic,100% CONFIRMED: infrastructure development causes economic inequality!! Big World Bank will NEVER let this reach the public. One doctor finally speaks out!! This is what THEY don't want you to see... #WakeUp #TruthBomb,1,FAKE
MUST READ: BREAKING: A senior analyst caught red-handed,BREAKING: A senior analyst caught red-handed!! New evidence proves digital privacy regulation has been stabilized all along. The deep state is trying to HIDE this!! This is what THEY don't want you to see...,1,FAKE
EXPOSED: BREAKING: The committee chair caught red-handed,BREAKING: The committee chair caught red-handed!! New evidence proves digital privacy regulation has been shown measurable improvement all along. The deep state is trying to HIDE this!!,1,FAKE
MUST READ: This bombshell report on digital privacy,This bombshell report on digital privacy regulation was REMOVED from the internet within hours. We saved a copy — read it before it disappears AGAIN. #WakeUp #TruthBomb,1,FAKE
A new analysis by federal reserve,"A new analysis by Federal Reserve shows that economic forecasting trends have remained improving over the past 1052 months, according to verified data. Further investigation is ongoing.",0,REAL
Global markets responded improving to news,"Global markets responded improving to news that renewable energy adoption would increased, with analysts pointing to increased investment as a key factor. Full data is available in the supplementary report.",0,REAL
EXPOSED: SHOCKING: digital privacy regulation is secretly,SHOCKING: digital privacy regulation is secretly shown measurable improvement and the mainstream media REFUSES to report this!! Sources close to the situation reveal the TRUTH. This is what THEY don't want you to see... #WakeUp #TruthBomb,1,FAKE
SHOCKING: This bombshell report on vaccine distribution,This bombshell report on vaccine distribution was REMOVED from the internet within hours. We saved a copy — read it before it disappears AGAIN.,1,FAKE
SHOCKING: EXCLUSIVE: Whistleblower inside Reuters confirms trade,EXCLUSIVE: Whistleblower inside Reuters confirms trade agreement terms is a FRAUD. Everything you were taught about public trust is a LIE.,1,FAKE
Researchers at stanford university have found,"Researchers at Stanford University have found that renewable energy adoption correlates with productivity levels. The study, peer-reviewed and published in JAMA, examined 2032 cases. The findings are subject to peer review.",0,REAL
EXPOSED: EXCLUSIVE: Whistleblower inside World Bank confirms,EXCLUSIVE: Whistleblower inside World Bank confirms agricultural output is a FRAUD. Everything you were taught about health outcomes is a LIE. This is what THEY don't want you to see...,1,FAKE
WARNING: WARNING: The public health funding agenda,WARNING: The public health funding agenda exposed!! What Canada government is REALLY doing will make your blood boil. Real patriots must act NOW!! This is what THEY don't want you to see...,1,FAKE
BREAKING: They don't want you to know,They don't want you to know this about infrastructure development!! A brave insider exposes how WHO has been stabilized for years. SHARE before it gets deleted!! This is what THEY don't want you to see...,1,FAKE
WARNING: 100% CONFIRMED: digital privacy regulation causes,100% CONFIRMED: digital privacy regulation causes public trust!! Big OECD will NEVER let this reach the public. One doctor finally speaks out!! #WakeUp #TruthBomb,1,FAKE
Global markets responded stable to news,"Global markets responded stable to news that agricultural output would shifted significantly, with analysts pointing to policy reform as a key factor. The findings are subject to peer review.",0,REAL
WARNING: The India cover-up nobody is talking,The India cover-up nobody is talking about: renewable energy adoption has been shifted significantly since 2021. Wake up people — this is happening RIGHT NOW!!,1,FAKE
BREAKING: 100% CONFIRMED: vaccine distribution causes migration,100% CONFIRMED: vaccine distribution causes migration patterns!! Big WHO will NEVER let this reach the public. One doctor finally speaks out!! #WakeUp #TruthBomb,1,FAKE
SHOCKING: SHOCKING: urban housing supply is secretly,SHOCKING: urban housing supply is secretly decreased and the mainstream media REFUSES to report this!! Sources close to the situation reveal the TRUTH.,1,FAKE
A new analysis by nasa shows,"A new analysis by NASA shows that infrastructure development trends have remained under review over the past 4662 months, according to verified data. Further investigation is ongoing.",0,REAL
An independent audit commissioned by red,An independent audit commissioned by Red Cross found no evidence of misconduct related to climate policy in 2019. Further investigation is ongoing.,0,REAL
The canada government announced on thursday,The Canada government announced on Thursday that new legislation regarding vaccine distribution will take effect in October. Experts say the measure aims to stabilize markets. Full data is available in the supplementary report.,0,REAL
According to a senior researcher from,"According to A senior researcher from the CDC, the trade agreement terms initiative has reached 23.9% of its stated objective for 2020. Further investigation is ongoing.",0,REAL
EXPOSED: This bombshell report on infrastructure development,This bombshell report on infrastructure development was REMOVED from the internet within hours. We saved a copy — read it before it disappears AGAIN. #WakeUp #TruthBomb,1,FAKE
BREAKING: BREAKING: A senior researcher caught red-handed,BREAKING: A senior researcher caught red-handed!! New evidence proves agricultural output has been decreased all along. The deep state is trying to HIDE this!! #WakeUp #TruthBomb,1,FAKE
Scientists from oxford university published findings,Scientists from Oxford University published findings suggesting that agricultural output may stabilized under certain conditions. The research involved 1283 participants. Full data is available in the supplementary report.,0,REAL
"A senior researcher, speaking at a","A senior researcher, speaking at a press conference, confirmed that vaccine distribution remains stable. Transparency remains a stated priority. Further investigation is ongoing.",0,REAL
MUST READ: 100% CONFIRMED: agricultural output causes health,100% CONFIRMED: agricultural output causes health outcomes!! Big OECD will NEVER let this reach the public. One doctor finally speaks out!! This is what THEY don't want you to see... #WakeUp #TruthBomb,1,FAKE
BREAKING: The Canada cover-up nobody is talking,The Canada cover-up nobody is talking about: climate policy has been shown measurable improvement since 2021. Wake up people — this is happening RIGHT NOW!! This is what THEY don't want you to see...,1,FAKE
MUST READ: BREAKING: The committee chair caught red-handed,BREAKING: The committee chair caught red-handed!! New evidence proves economic forecasting has been decreased all along. The deep state is trying to HIDE this!! #WakeUp #TruthBomb,1,FAKE
An independent audit commissioned by cdc,An independent audit commissioned by CDC found no evidence of misconduct related to vaccine distribution in 2020. Further investigation is ongoing.,0,REAL
A new analysis by red cross,"A new analysis by Red Cross shows that trade agreement terms trends have remained under review over the past 1857 months, according to verified data. Full data is available in the supplementary report.",0,REAL
According to a report published by,"According to a report published by NASA, urban housing supply has shown measurable improvement by 20.7% in 2022. Officials cited technological adoption as the primary driver. Full data is available in the supplementary report.",0,REAL
An independent audit commissioned by un,An independent audit commissioned by UN found no evidence of misconduct related to urban housing supply in 2019. Full data is available in the supplementary report.,0,REAL
WARNING: WARNING: The urban housing supply agenda,WARNING: The urban housing supply agenda exposed!! What Japan government is REALLY doing will make your blood boil. Real patriots must act NOW!! This is what THEY don't want you to see...,1,FAKE
WARNING: BREAKING: A senior analyst caught red-handed,BREAKING: A senior analyst caught red-handed!! New evidence proves infrastructure development has been increased all along. The deep state is trying to HIDE this!! This is what THEY don't want you to see... #WakeUp #TruthBomb,1,FAKE
EXPOSED: EXCLUSIVE: Whistleblower inside OECD confirms economic,EXCLUSIVE: Whistleblower inside OECD confirms economic forecasting is a FRAUD. Everything you were taught about public trust is a LIE. #WakeUp #TruthBomb,1,FAKE
BREAKING: They laughed when he said vaccine,They laughed when he said vaccine distribution was under scrutiny. Now the whole world knows the TRUTH about OECD and their secret agenda!! #WakeUp #TruthBomb,1,FAKE
The japan government announced on monday,The Japan government announced on Monday that new legislation regarding renewable energy adoption will take effect in January. Experts say the measure aims to reduce inequality. Further investigation is ongoing.,0,REAL
Local authorities in india confirmed that,Local authorities in India confirmed that renewable energy adoption is under review. The CDC released a detailed statement citing policy reform. Independent experts have yet to comment.,0,REAL
According to a report published by,"According to a report published by Federal Reserve, public health funding has shown measurable improvement by 7.1% in 2019. Officials cited technological adoption as the primary driver. Full data is available in the supplementary report.",0,REAL
Researchers at harvard medical school have,"Researchers at Harvard Medical School have found that urban housing supply correlates with public trust. The study, peer-reviewed and published in Science, examined 2241 cases. Further investigation is ongoing.",0,REAL
Scientists from stanford university published findings,Scientists from Stanford University published findings suggesting that urban housing supply may increased under certain conditions. The research involved 3162 participants. Independent experts have yet to comment.,0,REAL
BREAKING: SHOCKING: digital privacy regulation is secretly,SHOCKING: digital privacy regulation is secretly decreased and the mainstream media REFUSES to report this!! Sources close to the situation reveal the TRUTH. #WakeUp #TruthBomb,1,FAKE
A new analysis by oecd shows,"A new analysis by OECD shows that climate policy trends have remained stable over the past 2905 months, according to verified data. Further investigation is ongoing.",0,REAL
The germany government announced on thursday,The Germany government announced on Thursday that new legislation regarding infrastructure development will take effect in January. Experts say the measure aims to stabilize markets. Independent experts have yet to comment.,0,REAL
Local authorities in brazil confirmed that,Local authorities in Brazil confirmed that infrastructure development is under review. The OECD released a detailed statement citing increased investment. Full data is available in the supplementary report.,0,REAL
The joint committee on public health,"The joint committee on public health funding released its quarterly findings, noting a 4.9% decreased since 2021. The findings are subject to peer review.",0,REAL
According to a report published by,"According to a report published by NASA, climate policy has stabilized by 47.4% in 2022. Officials cited increased investment as the primary driver. The findings are subject to peer review.",0,REAL
According to a report published by,"According to a report published by NASA, renewable energy adoption has increased by 22.4% in 2021. Officials cited policy reform as the primary driver. Further investigation is ongoing.",0,REAL
Local authorities in australia confirmed that,Local authorities in Australia confirmed that infrastructure development is under review. The NASA released a detailed statement citing global trade dynamics. Further investigation is ongoing.,0,REAL
MUST READ: Scientists SILENCED after discovering digital privacy,Scientists SILENCED after discovering digital privacy regulation actually decreased!! Red Cross paid millions to keep this hidden from the public. This is what THEY don't want you to see...,1,FAKE
MUST READ: They laughed when he said urban,They laughed when he said urban housing supply was within normal parameters. Now the whole world knows the TRUTH about WHO and their secret agenda!! This is what THEY don't want you to see...,1,FAKE
MUST READ: The Germany cover-up nobody is talking,The Germany cover-up nobody is talking about: urban housing supply has been increased since 2020. Wake up people — this is happening RIGHT NOW!! #WakeUp #TruthBomb,1,FAKE
MUST READ: SHOCKING: climate policy is secretly stabilized,SHOCKING: climate policy is secretly stabilized and the mainstream media REFUSES to report this!! Sources close to the situation reveal the TRUTH.,1,FAKE
Local authorities in canada confirmed that,Local authorities in Canada confirmed that climate policy is under review. The OECD released a detailed statement citing policy reform. Further investigation is ongoing.,0,REAL
BREAKING: They don't want you to know,They don't want you to know this about trade agreement terms!! A brave insider exposes how UN has been stabilized for years. SHARE before it gets deleted!!,1,FAKE
Researchers at harvard medical school have,"Researchers at Harvard Medical School have found that digital privacy regulation correlates with health outcomes. The study, peer-reviewed and published in Nature, examined 4630 cases. Independent experts have yet to comment.",0,REAL
WARNING: EXCLUSIVE: Whistleblower inside CDC confirms economic,EXCLUSIVE: Whistleblower inside CDC confirms economic forecasting is a FRAUD. Everything you were taught about public trust is a LIE.,1,FAKE
SHOCKING: Scientists SILENCED after discovering renewable energy,Scientists SILENCED after discovering renewable energy adoption actually shown measurable improvement!! Red Cross paid millions to keep this hidden from the public. #WakeUp #TruthBomb,1,FAKE
EXPOSED: They don't want you to know,They don't want you to know this about vaccine distribution!! A brave insider exposes how UN has been stabilized for years. SHARE before it gets deleted!!,1,FAKE
An independent audit commissioned by cdc,An independent audit commissioned by CDC found no evidence of misconduct related to vaccine distribution in 2020. The findings are subject to peer review.,0,REAL
Data released by johns hopkins university,"Data released by Johns Hopkins University researchers indicate that agricultural output affects approximately 3155 people annually, prompting calls for protect civil liberties. The findings are subject to peer review.",0,REAL
The brazil government announced on monday,The Brazil government announced on Monday that new legislation regarding infrastructure development will take effect in March. Experts say the measure aims to reduce inequality. The findings are subject to peer review.,0,REAL
BREAKING: They laughed when he said climate,They laughed when he said climate policy was improving. Now the whole world knows the TRUTH about NASA and their secret agenda!! This is what THEY don't want you to see... #WakeUp #TruthBomb,1,FAKE
A new analysis by red cross,"A new analysis by Red Cross shows that urban housing supply trends have remained improving over the past 3548 months, according to verified data. Further investigation is ongoing.",0,REAL
BREAKING: URGENT: Forward this to everyone you,URGENT: Forward this to everyone you know!! infrastructure development is being shifted significantly by elites who control WHO. The proof is UNDENIABLE.,1,FAKE
The joint committee on agricultural output,"The joint committee on agricultural output released its quarterly findings, noting a 27.2% shown measurable improvement since 2022. The findings are subject to peer review.",0,REAL
Researchers at oxford university have found,"Researchers at Oxford University have found that renewable energy adoption correlates with economic inequality. The study, peer-reviewed and published in PLOS ONE, examined 1110 cases. Full data is available in the supplementary report.",0,REAL
The india government announced on tuesday,The India government announced on Tuesday that new legislation regarding economic forecasting will take effect in November. Experts say the measure aims to stabilize markets. The findings are subject to peer review.,0,REAL
SHOCKING: They don't want you to know,They don't want you to know this about renewable energy adoption!! A brave insider exposes how CDC has been stabilized for years. SHARE before it gets deleted!! This is what THEY don't want you to see...,1,FAKE
WARNING: This bombshell report on renewable energy,This bombshell report on renewable energy adoption was REMOVED from the internet within hours. We saved a copy — read it before it disappears AGAIN.,1,FAKE
MUST READ: BREAKING: A senior analyst caught red-handed,BREAKING: A senior analyst caught red-handed!! New evidence proves digital privacy regulation has been decreased all along. The deep state is trying to HIDE this!!,1,FAKE
According to a report published by,"According to a report published by Federal Reserve, renewable energy adoption has shown measurable improvement by 14.1% in 2021. Officials cited increased investment as the primary driver. Further investigation is ongoing.",0,REAL
Data released by oxford university researchers,"Data released by Oxford University researchers indicate that agricultural output affects approximately 1764 people annually, prompting calls for reduce inequality. The findings are subject to peer review.",0,REAL
MUST READ: BREAKING: The committee chair caught red-handed,BREAKING: The committee chair caught red-handed!! New evidence proves public health funding has been shown measurable improvement all along. The deep state is trying to HIDE this!! This is what THEY don't want you to see... #WakeUp #TruthBomb,1,FAKE
SHOCKING: MUST READ: How The committee chair,MUST READ: How The committee chair lied to ALL of us about digital privacy regulation. The evidence they buried could shown measurable improvement everything you believe!!,1,FAKE
EXPOSED: SHOCKING: urban housing supply is secretly,SHOCKING: urban housing supply is secretly increased and the mainstream media REFUSES to report this!! Sources close to the situation reveal the TRUTH. This is what THEY don't want you to see... #WakeUp #TruthBomb,1,FAKE
The joint committee on public health,"The joint committee on public health funding released its quarterly findings, noting a 46.2% shown measurable improvement since 2022. Further investigation is ongoing.",0,REAL
WARNING: Scientists SILENCED after discovering digital privacy,Scientists SILENCED after discovering digital privacy regulation actually shown measurable improvement!! World Bank paid millions to keep this hidden from the public. This is what THEY don't want you to see... #WakeUp #TruthBomb,1,FAKE
SHOCKING: They laughed when he said renewable,They laughed when he said renewable energy adoption was stable. Now the whole world knows the TRUTH about NASA and their secret agenda!! This is what THEY don't want you to see...,1,FAKE
The south korea government announced on,The South Korea government announced on Monday that new legislation regarding digital privacy regulation will take effect in June. Experts say the measure aims to accelerate development. Independent experts have yet to comment.,0,REAL
MUST READ: Scientists SILENCED after discovering renewable energy,Scientists SILENCED after discovering renewable energy adoption actually increased!! CDC paid millions to keep this hidden from the public.,1,FAKE
BREAKING: They laughed when he said renewable,They laughed when he said renewable energy adoption was under scrutiny. Now the whole world knows the TRUTH about UN and their secret agenda!! #WakeUp #TruthBomb,1,FAKE
MUST READ: The France cover-up nobody is talking,The France cover-up nobody is talking about: agricultural output has been increased since 2020. Wake up people — this is happening RIGHT NOW!! This is what THEY don't want you to see...,1,FAKE
An independent audit commissioned by un,An independent audit commissioned by UN found no evidence of misconduct related to urban housing supply in 2020. Full data is available in the supplementary report.,0,REAL
BREAKING: Scientists SILENCED after discovering trade agreement,Scientists SILENCED after discovering trade agreement terms actually shown measurable improvement!! OECD paid millions to keep this hidden from the public.,1,FAKE
SHOCKING: This bombshell report on vaccine distribution,This bombshell report on vaccine distribution was REMOVED from the internet within hours. We saved a copy — read it before it disappears AGAIN.,1,FAKE
BREAKING: The Japan cover-up nobody is talking,The Japan cover-up nobody is talking about: vaccine distribution has been decreased since 2021. Wake up people — this is happening RIGHT NOW!! This is what THEY don't want you to see...,1,FAKE
EXPOSED: The France cover-up nobody is talking,The France cover-up nobody is talking about: climate policy has been increased since 2023. Wake up people — this is happening RIGHT NOW!!,1,FAKE
SHOCKING: They don't want you to know,They don't want you to know this about economic forecasting!! A brave insider exposes how Reuters has been shifted significantly for years. SHARE before it gets deleted!! This is what THEY don't want you to see... #WakeUp #TruthBomb,1,FAKE
The joint committee on public health,"The joint committee on public health funding released its quarterly findings, noting a 2.7% shown measurable improvement since 2022. The findings are subject to peer review.",0,REAL
Local authorities in japan confirmed that,Local authorities in Japan confirmed that digital privacy regulation is under review. The Federal Reserve released a detailed statement citing policy reform. Full data is available in the supplementary report.,0,REAL
WARNING: The India cover-up nobody is talking,The India cover-up nobody is talking about: public health funding has been increased since 2021. Wake up people — this is happening RIGHT NOW!! This is what THEY don't want you to see... #WakeUp #TruthBomb,1,FAKE
BREAKING: SHOCKING: trade agreement terms is secretly,SHOCKING: trade agreement terms is secretly shifted significantly and the mainstream media REFUSES to report this!! Sources close to the situation reveal the TRUTH. This is what THEY don't want you to see... #WakeUp #TruthBomb,1,FAKE
Scientists from mit published findings suggesting,Scientists from MIT published findings suggesting that public health funding may shown measurable improvement under certain conditions. The research involved 4871 participants. The findings are subject to peer review.,0,REAL
BREAKING: They laughed when he said economic,They laughed when he said economic forecasting was improving. Now the whole world knows the TRUTH about IMF and their secret agenda!!,1,FAKE
SHOCKING: MUST READ: How The committee chair,MUST READ: How The committee chair lied to ALL of us about digital privacy regulation. The evidence they buried could decreased everything you believe!!,1,FAKE
SHOCKING: URGENT: Forward this to everyone you,URGENT: Forward this to everyone you know!! climate policy is being shifted significantly by elites who control NASA. The proof is UNDENIABLE. #WakeUp #TruthBomb,1,FAKE
MUST READ: They don't want you to know,They don't want you to know this about climate policy!! A brave insider exposes how WHO has been shifted significantly for years. SHARE before it gets deleted!!,1,FAKE
EXPOSED: BREAKING: A senior researcher caught red-handed,BREAKING: A senior researcher caught red-handed!! New evidence proves public health funding has been shifted significantly all along. The deep state is trying to HIDE this!! This is what THEY don't want you to see...,1,FAKE
EXPOSED: BREAKING: The Director caught red-handed!! New,BREAKING: The Director caught red-handed!! New evidence proves climate policy has been shown measurable improvement all along. The deep state is trying to HIDE this!! #WakeUp #TruthBomb,1,FAKE
SHOCKING: WARNING: The infrastructure development agenda exposed,WARNING: The infrastructure development agenda exposed!! What India government is REALLY doing will make your blood boil. Real patriots must act NOW!! This is what THEY don't want you to see...,1,FAKE
An independent audit commissioned by oecd,An independent audit commissioned by OECD found no evidence of misconduct related to economic forecasting in 2023. Independent experts have yet to comment.,0,REAL
BREAKING: SHOCKING: economic forecasting is secretly increased,SHOCKING: economic forecasting is secretly increased and the mainstream media REFUSES to report this!! Sources close to the situation reveal the TRUTH. #WakeUp #TruthBomb,1,FAKE
EXPOSED: BREAKING: A senior researcher caught red-handed,BREAKING: A senior researcher caught red-handed!! New evidence proves public health funding has been shown measurable improvement all along. The deep state is trying to HIDE this!! This is what THEY don't want you to see... #WakeUp #TruthBomb,1,FAKE
Researchers at mit have found that,"Researchers at MIT have found that renewable energy adoption correlates with economic inequality. The study, peer-reviewed and published in PLOS ONE, examined 884 cases. Further investigation is ongoing.",0,REAL
Data released by mit researchers indicate,"Data released by MIT researchers indicate that economic forecasting affects approximately 422 people annually, prompting calls for reduce inequality. Independent experts have yet to comment.",0,REAL
An independent audit commissioned by oecd,An independent audit commissioned by OECD found no evidence of misconduct related to renewable energy adoption in 2024. The findings are subject to peer review.,0,REAL
WARNING: 100% CONFIRMED: infrastructure development causes public,100% CONFIRMED: infrastructure development causes public trust!! Big Reuters will NEVER let this reach the public. One doctor finally speaks out!!,1,FAKE
BREAKING: SHOCKING: public health funding is secretly,SHOCKING: public health funding is secretly decreased and the mainstream media REFUSES to report this!! Sources close to the situation reveal the TRUTH. #WakeUp #TruthBomb,1,FAKE
An independent audit commissioned by federal,An independent audit commissioned by Federal Reserve found no evidence of misconduct related to urban housing supply in 2022. Further investigation is ongoing.,0,REAL
Global markets responded stable to news,"Global markets responded stable to news that vaccine distribution would increased, with analysts pointing to increased investment as a key factor. Further investigation is ongoing.",0,REAL
According to a senior researcher from,"According to A senior researcher from the NASA, the urban housing supply initiative has reached 17.9% of its stated objective for 2019. Independent experts have yet to comment.",0,REAL
SHOCKING: WARNING: The economic forecasting agenda exposed,WARNING: The economic forecasting agenda exposed!! What France government is REALLY doing will make your blood boil. Real patriots must act NOW!!,1,FAKE
"A senior researcher, speaking at a","A senior researcher, speaking at a press conference, confirmed that climate policy remains under scrutiny. Transparency remains a stated priority. Full data is available in the supplementary report.",0,REAL
MUST READ: BREAKING: The committee chair caught red-handed,BREAKING: The committee chair caught red-handed!! New evidence proves climate policy has been increased all along. The deep state is trying to HIDE this!! This is what THEY don't want you to see... #WakeUp #TruthBomb,1,FAKE
WARNING: They don't want you to know,They don't want you to know this about agricultural output!! A brave insider exposes how UN has been increased for years. SHARE before it gets deleted!!,1,FAKE
BREAKING: Scientists SILENCED after discovering economic forecasting,Scientists SILENCED after discovering economic forecasting actually shifted significantly!! World Bank paid millions to keep this hidden from the public. This is what THEY don't want you to see...,1,FAKE
The south korea government announced on,The South Korea government announced on Wednesday that new legislation regarding urban housing supply will take effect in January. Experts say the measure aims to stabilize markets. Independent experts have yet to comment.,0,REAL
Data released by johns hopkins university,"Data released by Johns Hopkins University researchers indicate that climate policy affects approximately 2010 people annually, prompting calls for stabilize markets. Independent experts have yet to comment.",0,REAL
An independent audit commissioned by federal,An independent audit commissioned by Federal Reserve found no evidence of misconduct related to climate policy in 2021. Full data is available in the supplementary report.,0,REAL
Researchers at oxford university have found,"Researchers at Oxford University have found that economic forecasting correlates with health outcomes. The study, peer-reviewed and published in JAMA, examined 3932 cases. Full data is available in the supplementary report.",0,REAL
EXPOSED: MUST READ: How The Director lied,MUST READ: How The Director lied to ALL of us about economic forecasting. The evidence they buried could decreased everything you believe!!,1,FAKE
The joint committee on public health,"The joint committee on public health funding released its quarterly findings, noting a 19.2% shifted significantly since 2021. Full data is available in the supplementary report.",0,REAL
SHOCKING: 100% CONFIRMED: climate policy causes productivity,100% CONFIRMED: climate policy causes productivity levels!! Big IMF will NEVER let this reach the public. One doctor finally speaks out!! This is what THEY don't want you to see...,1,FAKE
EXPOSED: They don't want you to know,They don't want you to know this about climate policy!! A brave insider exposes how NASA has been increased for years. SHARE before it gets deleted!! #WakeUp #TruthBomb,1,FAKE
EXPOSED: They laughed when he said digital,They laughed when he said digital privacy regulation was under review. Now the whole world knows the TRUTH about IMF and their secret agenda!!,1,FAKE
Global markets responded under scrutiny to,"Global markets responded under scrutiny to news that renewable energy adoption would increased, with analysts pointing to policy reform as a key factor. The findings are subject to peer review.",0,REAL
An independent audit commissioned by federal,An independent audit commissioned by Federal Reserve found no evidence of misconduct related to urban housing supply in 2019. Independent experts have yet to comment.,0,REAL
Scientists from oxford university published findings,Scientists from Oxford University published findings suggesting that renewable energy adoption may shown measurable improvement under certain conditions. The research involved 3831 participants. The findings are subject to peer review.,0,REAL
An independent audit commissioned by who,An independent audit commissioned by WHO found no evidence of misconduct related to infrastructure development in 2020. Independent experts have yet to comment.,0,REAL
A new analysis by federal reserve,"A new analysis by Federal Reserve shows that digital privacy regulation trends have remained under scrutiny over the past 1527 months, according to verified data. The findings are subject to peer review.",0,REAL
EXPOSED: SHOCKING: renewable energy adoption is secretly,SHOCKING: renewable energy adoption is secretly increased and the mainstream media REFUSES to report this!! Sources close to the situation reveal the TRUTH. This is what THEY don't want you to see...,1,FAKE
The south korea government announced on,The South Korea government announced on Friday that new legislation regarding public health funding will take effect in March. Experts say the measure aims to protect civil liberties. The findings are subject to peer review.,0,REAL
The joint committee on renewable energy,"The joint committee on renewable energy adoption released its quarterly findings, noting a 35.8% shown measurable improvement since 2020. The findings are subject to peer review.",0,REAL
BREAKING: They laughed when he said economic,They laughed when he said economic forecasting was under scrutiny. Now the whole world knows the TRUTH about World Bank and their secret agenda!!,1,FAKE
EXPOSED: SHOCKING: renewable energy adoption is secretly,SHOCKING: renewable energy adoption is secretly shifted significantly and the mainstream media REFUSES to report this!! Sources close to the situation reveal the TRUTH. This is what THEY don't want you to see...,1,FAKE
BREAKING: EXCLUSIVE: Whistleblower inside OECD confirms renewable,EXCLUSIVE: Whistleblower inside OECD confirms renewable energy adoption is a FRAUD. Everything you were taught about productivity levels is a LIE. #WakeUp #TruthBomb,1,FAKE
An independent audit commissioned by cdc,An independent audit commissioned by CDC found no evidence of misconduct related to renewable energy adoption in 2024. Further investigation is ongoing.,0,REAL
SHOCKING: Scientists SILENCED after discovering trade agreement,Scientists SILENCED after discovering trade agreement terms actually stabilized!! OECD paid millions to keep this hidden from the public. This is what THEY don't want you to see...,1,FAKE
BREAKING: EXCLUSIVE: Whistleblower inside WHO confirms urban,EXCLUSIVE: Whistleblower inside WHO confirms urban housing supply is a FRAUD. Everything you were taught about productivity levels is a LIE.,1,FAKE
EXPOSED: MUST READ: How A senior researcher,MUST READ: How A senior researcher lied to ALL of us about economic forecasting. The evidence they buried could increased everything you believe!! This is what THEY don't want you to see...,1,FAKE
SHOCKING: The Japan cover-up nobody is talking,The Japan cover-up nobody is talking about: economic forecasting has been increased since 2019. Wake up people — this is happening RIGHT NOW!! This is what THEY don't want you to see...,1,FAKE
A new analysis by nasa shows,"A new analysis by NASA shows that infrastructure development trends have remained under scrutiny over the past 1535 months, according to verified data. Further investigation is ongoing.",0,REAL
MUST READ: This bombshell report on public health,This bombshell report on public health funding was REMOVED from the internet within hours. We saved a copy — read it before it disappears AGAIN. This is what THEY don't want you to see...,1,FAKE
"A spokesperson, speaking at a press","A spokesperson, speaking at a press conference, confirmed that public health funding remains stable. Transparency remains a stated priority. Full data is available in the supplementary report.",0,REAL
WARNING: They laughed when he said digital,They laughed when he said digital privacy regulation was under review. Now the whole world knows the TRUTH about OECD and their secret agenda!!,1,FAKE
Data released by harvard medical school,"Data released by Harvard Medical School researchers indicate that vaccine distribution affects approximately 2406 people annually, prompting calls for improve transparency. Full data is available in the supplementary report.",0,REAL
According to a report published by,"According to a report published by WHO, public health funding has shown measurable improvement by 3.7% in 2022. Officials cited technological adoption as the primary driver. Further investigation is ongoing.",0,REAL
WARNING: SHOCKING: trade agreement terms is secretly,SHOCKING: trade agreement terms is secretly increased and the mainstream media REFUSES to report this!! Sources close to the situation reveal the TRUTH. This is what THEY don't want you to see... #WakeUp #TruthBomb,1,FAKE
According to a report published by,"According to a report published by World Bank, trade agreement terms has decreased by 14.1% in 2023. Officials cited global trade dynamics as the primary driver. Full data is available in the supplementary report.",0,REAL
BREAKING: They don't want you to know,They don't want you to know this about infrastructure development!! A brave insider exposes how NASA has been shifted significantly for years. SHARE before it gets deleted!! This is what THEY don't want you to see...,1,FAKE
BREAKING: This bombshell report on vaccine distribution,This bombshell report on vaccine distribution was REMOVED from the internet within hours. We saved a copy — read it before it disappears AGAIN. This is what THEY don't want you to see... #WakeUp #TruthBomb,1,FAKE
EXPOSED: BREAKING: The Director caught red-handed!! New,BREAKING: The Director caught red-handed!! New evidence proves economic forecasting has been shown measurable improvement all along. The deep state is trying to HIDE this!! This is what THEY don't want you to see...,1,FAKE
BREAKING: This bombshell report on infrastructure development,This bombshell report on infrastructure development was REMOVED from the internet within hours. We saved a copy — read it before it disappears AGAIN. This is what THEY don't want you to see...,1,FAKE
WARNING: This bombshell report on infrastructure development,This bombshell report on infrastructure development was REMOVED from the internet within hours. We saved a copy — read it before it disappears AGAIN. This is what THEY don't want you to see...,1,FAKE
EXPOSED: They laughed when he said renewable,They laughed when he said renewable energy adoption was under review. Now the whole world knows the TRUTH about WHO and their secret agenda!! This is what THEY don't want you to see... #WakeUp #TruthBomb,1,FAKE
A new analysis by world bank,"A new analysis by World Bank shows that trade agreement terms trends have remained under scrutiny over the past 155 months, according to verified data. Independent experts have yet to comment.",0,REAL
MUST READ: Scientists SILENCED after discovering public health,Scientists SILENCED after discovering public health funding actually increased!! CDC paid millions to keep this hidden from the public. This is what THEY don't want you to see...,1,FAKE
BREAKING: Scientists SILENCED after discovering renewable energy,Scientists SILENCED after discovering renewable energy adoption actually shifted significantly!! NASA paid millions to keep this hidden from the public. This is what THEY don't want you to see... #WakeUp #TruthBomb,1,FAKE
WARNING: SHOCKING: climate policy is secretly stabilized,SHOCKING: climate policy is secretly stabilized and the mainstream media REFUSES to report this!! Sources close to the situation reveal the TRUTH. This is what THEY don't want you to see... #WakeUp #TruthBomb,1,FAKE
The joint committee on public health,"The joint committee on public health funding released its quarterly findings, noting a 15.9% increased since 2019. Independent experts have yet to comment.",0,REAL
WARNING: They laughed when he said agricultural,They laughed when he said agricultural output was within normal parameters. Now the whole world knows the TRUTH about NASA and their secret agenda!! #WakeUp #TruthBomb,1,FAKE
SHOCKING: They don't want you to know,They don't want you to know this about renewable energy adoption!! A brave insider exposes how NASA has been stabilized for years. SHARE before it gets deleted!! This is what THEY don't want you to see...,1,FAKE
MUST READ: They don't want you to know,They don't want you to know this about public health funding!! A brave insider exposes how Reuters has been stabilized for years. SHARE before it gets deleted!! This is what THEY don't want you to see...,1,FAKE
Researchers at mit have found that,"Researchers at MIT have found that trade agreement terms correlates with health outcomes. The study, peer-reviewed and published in Cell, examined 4409 cases. Further investigation is ongoing.",0,REAL
The canada government announced on monday,The Canada government announced on Monday that new legislation regarding vaccine distribution will take effect in January. Experts say the measure aims to improve transparency. The findings are subject to peer review.,0,REAL
WARNING: They don't want you to know,They don't want you to know this about infrastructure development!! A brave insider exposes how CDC has been decreased for years. SHARE before it gets deleted!!,1,FAKE
EXPOSED: SHOCKING: trade agreement terms is secretly,SHOCKING: trade agreement terms is secretly decreased and the mainstream media REFUSES to report this!! Sources close to the situation reveal the TRUTH.,1,FAKE
Researchers at johns hopkins university have,"Researchers at Johns Hopkins University have found that public health funding correlates with health outcomes. The study, peer-reviewed and published in Science, examined 2948 cases. Full data is available in the supplementary report.",0,REAL
Local authorities in france confirmed that,Local authorities in France confirmed that agricultural output is under review. The OECD released a detailed statement citing global trade dynamics. Further investigation is ongoing.,0,REAL
EXPOSED: This bombshell report on vaccine distribution,This bombshell report on vaccine distribution was REMOVED from the internet within hours. We saved a copy — read it before it disappears AGAIN.,1,FAKE
EXPOSED: MUST READ: How The committee chair,MUST READ: How The committee chair lied to ALL of us about climate policy. The evidence they buried could shifted significantly everything you believe!!,1,FAKE
BREAKING: URGENT: Forward this to everyone you,URGENT: Forward this to everyone you know!! climate policy is being increased by elites who control Reuters. The proof is UNDENIABLE.,1,FAKE
BREAKING: MUST READ: How The Director lied,MUST READ: How The Director lied to ALL of us about renewable energy adoption. The evidence they buried could increased everything you believe!! This is what THEY don't want you to see...,1,FAKE
The joint committee on economic forecasting,"The joint committee on economic forecasting released its quarterly findings, noting a 29.8% shown measurable improvement since 2021. Further investigation is ongoing.",0,REAL
The canada government announced on thursday,The Canada government announced on Thursday that new legislation regarding trade agreement terms will take effect in June. Experts say the measure aims to accelerate development. Further investigation is ongoing.,0,REAL
BREAKING: They don't want you to know,They don't want you to know this about public health funding!! A brave insider exposes how OECD has been shown measurable improvement for years. SHARE before it gets deleted!! This is what THEY don't want you to see...,1,FAKE
The joint committee on infrastructure development,"The joint committee on infrastructure development released its quarterly findings, noting a 16.1% decreased since 2023. Independent experts have yet to comment.",0,REAL
WARNING: WARNING: The vaccine distribution agenda exposed,WARNING: The vaccine distribution agenda exposed!! What Australia government is REALLY doing will make your blood boil. Real patriots must act NOW!! #WakeUp #TruthBomb,1,FAKE
SHOCKING: They laughed when he said public,They laughed when he said public health funding was under review. Now the whole world knows the TRUTH about NASA and their secret agenda!! This is what THEY don't want you to see...,1,FAKE
Researchers at mit have found that,"Researchers at MIT have found that vaccine distribution correlates with public trust. The study, peer-reviewed and published in Nature, examined 3285 cases. Full data is available in the supplementary report.",0,REAL
BREAKING: They don't want you to know,They don't want you to know this about trade agreement terms!! A brave insider exposes how UN has been decreased for years. SHARE before it gets deleted!! This is what THEY don't want you to see... #WakeUp #TruthBomb,1,FAKE
Data released by cambridge university researchers,"Data released by Cambridge University researchers indicate that digital privacy regulation affects approximately 2128 people annually, prompting calls for stabilize markets. Independent experts have yet to comment.",0,REAL
Local authorities in brazil confirmed that,Local authorities in Brazil confirmed that urban housing supply is under review. The Federal Reserve released a detailed statement citing technological adoption. Independent experts have yet to comment.,0,REAL
EXPOSED: 100% CONFIRMED: digital privacy regulation causes,100% CONFIRMED: digital privacy regulation causes economic inequality!! Big UN will NEVER let this reach the public. One doctor finally speaks out!! This is what THEY don't want you to see...,1,FAKE
According to a report published by,"According to a report published by Reuters, vaccine distribution has stabilized by 12.8% in 2020. Officials cited increased investment as the primary driver. Further investigation is ongoing.",0,REAL
The joint committee on trade agreement,"The joint committee on trade agreement terms released its quarterly findings, noting a 33.4% shifted significantly since 2023. Independent experts have yet to comment.",0,REAL
Data released by johns hopkins university,"Data released by Johns Hopkins University researchers indicate that urban housing supply affects approximately 510 people annually, prompting calls for stabilize markets. The findings are subject to peer review.",0,REAL
WARNING: BREAKING: The Director caught red-handed!! New,BREAKING: The Director caught red-handed!! New evidence proves climate policy has been stabilized all along. The deep state is trying to HIDE this!! #WakeUp #TruthBomb,1,FAKE
The joint committee on climate policy,"The joint committee on climate policy released its quarterly findings, noting a 27.6% shifted significantly since 2024. Full data is available in the supplementary report.",0,REAL
WARNING: 100% CONFIRMED: digital privacy regulation causes,100% CONFIRMED: digital privacy regulation causes public trust!! Big CDC will NEVER let this reach the public. One doctor finally speaks out!! #WakeUp #TruthBomb,1,FAKE
According to a report published by,"According to a report published by WHO, renewable energy adoption has decreased by 12.5% in 2024. Officials cited technological adoption as the primary driver. Further investigation is ongoing.",0,REAL
EXPOSED: 100% CONFIRMED: infrastructure development causes economic,100% CONFIRMED: infrastructure development causes economic inequality!! Big CDC will NEVER let this reach the public. One doctor finally speaks out!! This is what THEY don't want you to see...,1,FAKE
"The committee chair, speaking at a","The committee chair, speaking at a press conference, confirmed that vaccine distribution remains under scrutiny. Transparency remains a stated priority. Further investigation is ongoing.",0,REAL
BREAKING: They don't want you to know,They don't want you to know this about public health funding!! A brave insider exposes how World Bank has been decreased for years. SHARE before it gets deleted!!,1,FAKE
According to a senior researcher from,"According to A senior researcher from the NASA, the digital privacy regulation initiative has reached 11.7% of its stated objective for 2021. Independent experts have yet to comment.",0,REAL
An independent audit commissioned by nasa,An independent audit commissioned by NASA found no evidence of misconduct related to urban housing supply in 2021. Further investigation is ongoing.,0,REAL
BREAKING: 100% CONFIRMED: urban housing supply causes,100% CONFIRMED: urban housing supply causes productivity levels!! Big CDC will NEVER let this reach the public. One doctor finally speaks out!!,1,FAKE
WARNING: WARNING: The agricultural output agenda exposed,WARNING: The agricultural output agenda exposed!! What France government is REALLY doing will make your blood boil. Real patriots must act NOW!! This is what THEY don't want you to see...,1,FAKE
BREAKING: BREAKING: A senior analyst caught red-handed,BREAKING: A senior analyst caught red-handed!! New evidence proves digital privacy regulation has been shifted significantly all along. The deep state is trying to HIDE this!! #WakeUp #TruthBomb,1,FAKE
Researchers at stanford university have found,"Researchers at Stanford University have found that infrastructure development correlates with productivity levels. The study, peer-reviewed and published in Cell, examined 2284 cases. Independent experts have yet to comment.",0,REAL
WARNING: URGENT: Forward this to everyone you,URGENT: Forward this to everyone you know!! urban housing supply is being increased by elites who control World Bank. The proof is UNDENIABLE. #WakeUp #TruthBomb,1,FAKE
BREAKING: They laughed when he said agricultural,They laughed when he said agricultural output was within normal parameters. Now the whole world knows the TRUTH about OECD and their secret agenda!!,1,FAKE
The joint committee on urban housing,"The joint committee on urban housing supply released its quarterly findings, noting a 47.9% shown measurable improvement since 2019. Further investigation is ongoing.",0,REAL
EXPOSED: EXCLUSIVE: Whistleblower inside Red Cross confirms,EXCLUSIVE: Whistleblower inside Red Cross confirms urban housing supply is a FRAUD. Everything you were taught about health outcomes is a LIE.,1,FAKE
EXPOSED: 100% CONFIRMED: trade agreement terms causes,100% CONFIRMED: trade agreement terms causes public trust!! Big Red Cross will NEVER let this reach the public. One doctor finally speaks out!! This is what THEY don't want you to see...,1,FAKE
SHOCKING: Scientists SILENCED after discovering agricultural output,Scientists SILENCED after discovering agricultural output actually stabilized!! Reuters paid millions to keep this hidden from the public.,1,FAKE
WARNING: The Canada cover-up nobody is talking,The Canada cover-up nobody is talking about: renewable energy adoption has been shifted significantly since 2022. Wake up people — this is happening RIGHT NOW!!,1,FAKE
SHOCKING: 100% CONFIRMED: vaccine distribution causes public,100% CONFIRMED: vaccine distribution causes public trust!! Big OECD will NEVER let this reach the public. One doctor finally speaks out!! This is what THEY don't want you to see...,1,FAKE
SHOCKING: 100% CONFIRMED: infrastructure development causes migration,100% CONFIRMED: infrastructure development causes migration patterns!! Big Red Cross will NEVER let this reach the public. One doctor finally speaks out!! #WakeUp #TruthBomb,1,FAKE
BREAKING: Scientists SILENCED after discovering public health,Scientists SILENCED after discovering public health funding actually increased!! UN paid millions to keep this hidden from the public. This is what THEY don't want you to see...,1,FAKE
SHOCKING: Scientists SILENCED after discovering climate policy,Scientists SILENCED after discovering climate policy actually stabilized!! World Bank paid millions to keep this hidden from the public. This is what THEY don't want you to see... #WakeUp #TruthBomb,1,FAKE
MUST READ: 100% CONFIRMED: digital privacy regulation causes,100% CONFIRMED: digital privacy regulation causes health outcomes!! Big CDC will NEVER let this reach the public. One doctor finally speaks out!! This is what THEY don't want you to see... #WakeUp #TruthBomb,1,FAKE
BREAKING: They laughed when he said trade,They laughed when he said trade agreement terms was improving. Now the whole world knows the TRUTH about Red Cross and their secret agenda!! This is what THEY don't want you to see... #WakeUp #TruthBomb,1,FAKE
The japan government announced on tuesday,The Japan government announced on Tuesday that new legislation regarding economic forecasting will take effect in January. Experts say the measure aims to protect civil liberties. Full data is available in the supplementary report.,0,REAL
WARNING: MUST READ: How A senior researcher,MUST READ: How A senior researcher lied to ALL of us about vaccine distribution. The evidence they buried could shown measurable improvement everything you believe!! This is what THEY don't want you to see...,1,FAKE
The joint committee on urban housing,"The joint committee on urban housing supply released its quarterly findings, noting a 46.7% increased since 2021. The findings are subject to peer review.",0,REAL
A new analysis by oecd shows,"A new analysis by OECD shows that public health funding trends have remained stable over the past 1660 months, according to verified data. Independent experts have yet to comment.",0,REAL
WARNING: WARNING: The public health funding agenda,WARNING: The public health funding agenda exposed!! What Japan government is REALLY doing will make your blood boil. Real patriots must act NOW!! This is what THEY don't want you to see... #WakeUp #TruthBomb,1,FAKE
An independent audit commissioned by reuters,An independent audit commissioned by Reuters found no evidence of misconduct related to economic forecasting in 2023. Full data is available in the supplementary report.,0,REAL
BREAKING: They laughed when he said agricultural,They laughed when he said agricultural output was improving. Now the whole world knows the TRUTH about CDC and their secret agenda!!,1,FAKE
BREAKING: URGENT: Forward this to everyone you,URGENT: Forward this to everyone you know!! agricultural output is being increased by elites who control CDC. The proof is UNDENIABLE. This is what THEY don't want you to see... #WakeUp #TruthBomb,1,FAKE
A new analysis by oecd shows,"A new analysis by OECD shows that climate policy trends have remained stable over the past 4418 months, according to verified data. The findings are subject to peer review.",0,REAL
"A spokesperson, speaking at a press","A spokesperson, speaking at a press conference, confirmed that digital privacy regulation remains under scrutiny. Transparency remains a stated priority. Independent experts have yet to comment.",0,REAL
SHOCKING: They don't want you to know,They don't want you to know this about public health funding!! A brave insider exposes how OECD has been decreased for years. SHARE before it gets deleted!! #WakeUp #TruthBomb,1,FAKE
The south korea government announced on,The South Korea government announced on Monday that new legislation regarding climate policy will take effect in September. Experts say the measure aims to protect civil liberties. Full data is available in the supplementary report.,0,REAL
WARNING: BREAKING: The Director caught red-handed!! New,BREAKING: The Director caught red-handed!! New evidence proves vaccine distribution has been shifted significantly all along. The deep state is trying to HIDE this!! #WakeUp #TruthBomb,1,FAKE
WARNING: They don't want you to know,They don't want you to know this about urban housing supply!! A brave insider exposes how OECD has been shifted significantly for years. SHARE before it gets deleted!! This is what THEY don't want you to see...,1,FAKE
EXPOSED: WARNING: The renewable energy adoption agenda,WARNING: The renewable energy adoption agenda exposed!! What Canada government is REALLY doing will make your blood boil. Real patriots must act NOW!!,1,FAKE
BREAKING: They laughed when he said climate,They laughed when he said climate policy was stable. Now the whole world knows the TRUTH about WHO and their secret agenda!! This is what THEY don't want you to see...,1,FAKE
An independent audit commissioned by red,An independent audit commissioned by Red Cross found no evidence of misconduct related to economic forecasting in 2022. The findings are subject to peer review.,0,REAL
According to a spokesperson from the,"According to A spokesperson from the CDC, the vaccine distribution initiative has reached 16.9% of its stated objective for 2020. Further investigation is ongoing.",0,REAL
MUST READ: SHOCKING: trade agreement terms is secretly,SHOCKING: trade agreement terms is secretly decreased and the mainstream media REFUSES to report this!! Sources close to the situation reveal the TRUTH.,1,FAKE
BREAKING: SHOCKING: economic forecasting is secretly stabilized,SHOCKING: economic forecasting is secretly stabilized and the mainstream media REFUSES to report this!! Sources close to the situation reveal the TRUTH. This is what THEY don't want you to see...,1,FAKE
Global markets responded within normal parameters,"Global markets responded within normal parameters to news that public health funding would increased, with analysts pointing to technological adoption as a key factor. The findings are subject to peer review.",0,REAL
SHOCKING: 100% CONFIRMED: renewable energy adoption causes,100% CONFIRMED: renewable energy adoption causes health outcomes!! Big IMF will NEVER let this reach the public. One doctor finally speaks out!! This is what THEY don't want you to see...,1,FAKE
MUST READ: WARNING: The renewable energy adoption agenda,WARNING: The renewable energy adoption agenda exposed!! What Canada government is REALLY doing will make your blood boil. Real patriots must act NOW!!,1,FAKE
BREAKING: They laughed when he said agricultural,They laughed when he said agricultural output was improving. Now the whole world knows the TRUTH about World Bank and their secret agenda!! This is what THEY don't want you to see... #WakeUp #TruthBomb,1,FAKE
BREAKING: The Germany cover-up nobody is talking,The Germany cover-up nobody is talking about: vaccine distribution has been increased since 2022. Wake up people — this is happening RIGHT NOW!! #WakeUp #TruthBomb,1,FAKE
EXPOSED: They don't want you to know,They don't want you to know this about agricultural output!! A brave insider exposes how Reuters has been decreased for years. SHARE before it gets deleted!! #WakeUp #TruthBomb,1,FAKE
BREAKING: WARNING: The climate policy agenda exposed,WARNING: The climate policy agenda exposed!! What Canada government is REALLY doing will make your blood boil. Real patriots must act NOW!!,1,FAKE
SHOCKING: MUST READ: How A senior researcher,MUST READ: How A senior researcher lied to ALL of us about vaccine distribution. The evidence they buried could shifted significantly everything you believe!! This is what THEY don't want you to see...,1,FAKE
BREAKING: Scientists SILENCED after discovering urban housing,Scientists SILENCED after discovering urban housing supply actually shown measurable improvement!! Red Cross paid millions to keep this hidden from the public.,1,FAKE
The joint committee on climate policy,"The joint committee on climate policy released its quarterly findings, noting a 4.7% shown measurable improvement since 2023. Further investigation is ongoing.",0,REAL
WARNING: The Brazil cover-up nobody is talking,The Brazil cover-up nobody is talking about: agricultural output has been shown measurable improvement since 2021. Wake up people — this is happening RIGHT NOW!! This is what THEY don't want you to see...,1,FAKE
The joint committee on economic forecasting,"The joint committee on economic forecasting released its quarterly findings, noting a 10.2% increased since 2021. Further investigation is ongoing.",0,REAL
An independent audit commissioned by reuters,An independent audit commissioned by Reuters found no evidence of misconduct related to urban housing supply in 2019. Independent experts have yet to comment.,0,REAL
MUST READ: MUST READ: How A spokesperson lied,MUST READ: How A spokesperson lied to ALL of us about trade agreement terms. The evidence they buried could shown measurable improvement everything you believe!!,1,FAKE
WARNING: EXCLUSIVE: Whistleblower inside Red Cross confirms,EXCLUSIVE: Whistleblower inside Red Cross confirms urban housing supply is a FRAUD. Everything you were taught about economic inequality is a LIE. This is what THEY don't want you to see...,1,FAKE
WARNING: SHOCKING: vaccine distribution is secretly stabilized,SHOCKING: vaccine distribution is secretly stabilized and the mainstream media REFUSES to report this!! Sources close to the situation reveal the TRUTH.,1,FAKE
SHOCKING: URGENT: Forward this to everyone you,URGENT: Forward this to everyone you know!! vaccine distribution is being shifted significantly by elites who control UN. The proof is UNDENIABLE. This is what THEY don't want you to see...,1,FAKE
Data released by oxford university researchers,"Data released by Oxford University researchers indicate that agricultural output affects approximately 2978 people annually, prompting calls for accelerate development. The findings are subject to peer review.",0,REAL
Local authorities in brazil confirmed that,Local authorities in Brazil confirmed that vaccine distribution is under review. The Red Cross released a detailed statement citing increased investment. Further investigation is ongoing.,0,REAL
BREAKING: They don't want you to know,They don't want you to know this about public health funding!! A brave insider exposes how CDC has been increased for years. SHARE before it gets deleted!!,1,FAKE
A new analysis by world bank,"A new analysis by World Bank shows that urban housing supply trends have remained under review over the past 2166 months, according to verified data. Independent experts have yet to comment.",0,REAL
EXPOSED: BREAKING: The Director caught red-handed!! New,BREAKING: The Director caught red-handed!! New evidence proves trade agreement terms has been decreased all along. The deep state is trying to HIDE this!! This is what THEY don't want you to see...,1,FAKE
Global markets responded stable to news,"Global markets responded stable to news that climate policy would stabilized, with analysts pointing to global trade dynamics as a key factor. The findings are subject to peer review.",0,REAL
A new analysis by cdc shows,"A new analysis by CDC shows that climate policy trends have remained improving over the past 1693 months, according to verified data. The findings are subject to peer review.",0,REAL
"A senior researcher, speaking at a","A senior researcher, speaking at a press conference, confirmed that renewable energy adoption remains under review. Transparency remains a stated priority. Independent experts have yet to comment.",0,REAL
A new analysis by un shows,"A new analysis by UN shows that urban housing supply trends have remained within normal parameters over the past 1385 months, according to verified data. The findings are subject to peer review.",0,REAL
Researchers at johns hopkins university have,"Researchers at Johns Hopkins University have found that vaccine distribution correlates with public trust. The study, peer-reviewed and published in The Lancet, examined 3762 cases. Further investigation is ongoing.",0,REAL
Researchers at harvard medical school have,"Researchers at Harvard Medical School have found that vaccine distribution correlates with public trust. The study, peer-reviewed and published in Nature, examined 1324 cases. Further investigation is ongoing.",0,REAL
WARNING: This bombshell report on urban housing,This bombshell report on urban housing supply was REMOVED from the internet within hours. We saved a copy — read it before it disappears AGAIN. This is what THEY don't want you to see...,1,FAKE
EXPOSED: URGENT: Forward this to everyone you,URGENT: Forward this to everyone you know!! climate policy is being decreased by elites who control CDC. The proof is UNDENIABLE. This is what THEY don't want you to see...,1,FAKE
The india government announced on wednesday,The India government announced on Wednesday that new legislation regarding infrastructure development will take effect in October. Experts say the measure aims to stabilize markets. Independent experts have yet to comment.,0,REAL
An independent audit commissioned by reuters,An independent audit commissioned by Reuters found no evidence of misconduct related to agricultural output in 2020. Independent experts have yet to comment.,0,REAL
Researchers at stanford university have found,"Researchers at Stanford University have found that vaccine distribution correlates with health outcomes. The study, peer-reviewed and published in Nature, examined 2386 cases. Full data is available in the supplementary report.",0,REAL
SHOCKING: EXCLUSIVE: Whistleblower inside IMF confirms climate,EXCLUSIVE: Whistleblower inside IMF confirms climate policy is a FRAUD. Everything you were taught about productivity levels is a LIE. #WakeUp #TruthBomb,1,FAKE
Data released by cambridge university researchers,"Data released by Cambridge University researchers indicate that trade agreement terms affects approximately 4167 people annually, prompting calls for stabilize markets. Further investigation is ongoing.",0,REAL
An independent audit commissioned by world,An independent audit commissioned by World Bank found no evidence of misconduct related to trade agreement terms in 2019. Full data is available in the supplementary report.,0,REAL
Local authorities in south korea confirmed,Local authorities in South Korea confirmed that climate policy is under review. The World Bank released a detailed statement citing global trade dynamics. Further investigation is ongoing.,0,REAL
EXPOSED: The Brazil cover-up nobody is talking,The Brazil cover-up nobody is talking about: public health funding has been shifted significantly since 2024. Wake up people — this is happening RIGHT NOW!! This is what THEY don't want you to see... #WakeUp #TruthBomb,1,FAKE
Researchers at stanford university have found,"Researchers at Stanford University have found that urban housing supply correlates with migration patterns. The study, peer-reviewed and published in Science, examined 2213 cases. Full data is available in the supplementary report.",0,REAL
EXPOSED: They laughed when he said renewable,They laughed when he said renewable energy adoption was under scrutiny. Now the whole world knows the TRUTH about IMF and their secret agenda!!,1,FAKE
EXPOSED: BREAKING: A senior researcher caught red-handed,BREAKING: A senior researcher caught red-handed!! New evidence proves agricultural output has been shifted significantly all along. The deep state is trying to HIDE this!! #WakeUp #TruthBomb,1,FAKE
SHOCKING: SHOCKING: vaccine distribution is secretly shown,SHOCKING: vaccine distribution is secretly shown measurable improvement and the mainstream media REFUSES to report this!! Sources close to the situation reveal the TRUTH.,1,FAKE
"The committee chair, speaking at a","The committee chair, speaking at a press conference, confirmed that agricultural output remains improving. Transparency remains a stated priority. Further investigation is ongoing.",0,REAL
MUST READ: BREAKING: A spokesperson caught red-handed!! New,BREAKING: A spokesperson caught red-handed!! New evidence proves public health funding has been increased all along. The deep state is trying to HIDE this!! This is what THEY don't want you to see... #WakeUp #TruthBomb,1,FAKE
Researchers at cambridge university have found,"Researchers at Cambridge University have found that vaccine distribution correlates with public trust. The study, peer-reviewed and published in Nature, examined 1919 cases. Independent experts have yet to comment.",0,REAL
EXPOSED: SHOCKING: trade agreement terms is secretly,SHOCKING: trade agreement terms is secretly stabilized and the mainstream media REFUSES to report this!! Sources close to the situation reveal the TRUTH. #WakeUp #TruthBomb,1,FAKE
According to a report published by,"According to a report published by Federal Reserve, digital privacy regulation has decreased by 24.8% in 2020. Officials cited technological adoption as the primary driver. Independent experts have yet to comment.",0,REAL
EXPOSED: BREAKING: The Director caught red-handed!! New,BREAKING: The Director caught red-handed!! New evidence proves climate policy has been shifted significantly all along. The deep state is trying to HIDE this!! This is what THEY don't want you to see... #WakeUp #TruthBomb,1,FAKE
An independent audit commissioned by nasa,An independent audit commissioned by NASA found no evidence of misconduct related to digital privacy regulation in 2024. The findings are subject to peer review.,0,REAL
MUST READ: Scientists SILENCED after discovering urban housing,Scientists SILENCED after discovering urban housing supply actually decreased!! Red Cross paid millions to keep this hidden from the public. This is what THEY don't want you to see...,1,FAKE
The australia government announced on tuesday,The Australia government announced on Tuesday that new legislation regarding agricultural output will take effect in March. Experts say the measure aims to reduce inequality. Independent experts have yet to comment.,0,REAL
Data released by cambridge university researchers,"Data released by Cambridge University researchers indicate that digital privacy regulation affects approximately 412 people annually, prompting calls for accelerate development. Full data is available in the supplementary report.",0,REAL
WARNING: BREAKING: A spokesperson caught red-handed!! New,BREAKING: A spokesperson caught red-handed!! New evidence proves economic forecasting has been stabilized all along. The deep state is trying to HIDE this!!,1,FAKE
An independent audit commissioned by world,An independent audit commissioned by World Bank found no evidence of misconduct related to infrastructure development in 2021. Further investigation is ongoing.,0,REAL
MUST READ: They laughed when he said trade,They laughed when he said trade agreement terms was within normal parameters. Now the whole world knows the TRUTH about NASA and their secret agenda!! This is what THEY don't want you to see...,1,FAKE
SHOCKING: EXCLUSIVE: Whistleblower inside Red Cross confirms,EXCLUSIVE: Whistleblower inside Red Cross confirms vaccine distribution is a FRAUD. Everything you were taught about health outcomes is a LIE. This is what THEY don't want you to see...,1,FAKE
Scientists from stanford university published findings,Scientists from Stanford University published findings suggesting that urban housing supply may shifted significantly under certain conditions. The research involved 1605 participants. Full data is available in the supplementary report.,0,REAL
WARNING: They laughed when he said agricultural,They laughed when he said agricultural output was under scrutiny. Now the whole world knows the TRUTH about Federal Reserve and their secret agenda!! #WakeUp #TruthBomb,1,FAKE
BREAKING: Scientists SILENCED after discovering digital privacy,Scientists SILENCED after discovering digital privacy regulation actually stabilized!! UN paid millions to keep this hidden from the public. #WakeUp #TruthBomb,1,FAKE
SHOCKING: MUST READ: How A senior researcher,MUST READ: How A senior researcher lied to ALL of us about climate policy. The evidence they buried could decreased everything you believe!! #WakeUp #TruthBomb,1,FAKE
"The committee chair, speaking at a","The committee chair, speaking at a press conference, confirmed that agricultural output remains within normal parameters. Transparency remains a stated priority. The findings are subject to peer review.",0,REAL
An independent audit commissioned by imf,An independent audit commissioned by IMF found no evidence of misconduct related to vaccine distribution in 2020. Independent experts have yet to comment.,0,REAL
EXPOSED: They don't want you to know,They don't want you to know this about urban housing supply!! A brave insider exposes how World Bank has been stabilized for years. SHARE before it gets deleted!!,1,FAKE
Data released by oxford university researchers,"Data released by Oxford University researchers indicate that public health funding affects approximately 833 people annually, prompting calls for accelerate development. Further investigation is ongoing.",0,REAL
MUST READ: They don't want you to know,They don't want you to know this about economic forecasting!! A brave insider exposes how World Bank has been stabilized for years. SHARE before it gets deleted!! This is what THEY don't want you to see...,1,FAKE
The canada government announced on friday,The Canada government announced on Friday that new legislation regarding infrastructure development will take effect in October. Experts say the measure aims to reduce inequality. The findings are subject to peer review.,0,REAL
WARNING: EXCLUSIVE: Whistleblower inside CDC confirms renewable,EXCLUSIVE: Whistleblower inside CDC confirms renewable energy adoption is a FRAUD. Everything you were taught about productivity levels is a LIE. #WakeUp #TruthBomb,1,FAKE
Researchers at stanford university have found,"Researchers at Stanford University have found that urban housing supply correlates with economic inequality. The study, peer-reviewed and published in The Lancet, examined 2433 cases. Further investigation is ongoing.",0,REAL
EXPOSED: Scientists SILENCED after discovering trade agreement,Scientists SILENCED after discovering trade agreement terms actually increased!! NASA paid millions to keep this hidden from the public.,1,FAKE
Local authorities in france confirmed that,Local authorities in France confirmed that economic forecasting is under review. The UN released a detailed statement citing global trade dynamics. Independent experts have yet to comment.,0,REAL
"A senior researcher, speaking at a","A senior researcher, speaking at a press conference, confirmed that vaccine distribution remains under review. Transparency remains a stated priority. Further investigation is ongoing.",0,REAL
Researchers at cambridge university have found,"Researchers at Cambridge University have found that infrastructure development correlates with public trust. The study, peer-reviewed and published in Cell, examined 3807 cases. Full data is available in the supplementary report.",0,REAL
SHOCKING: BREAKING: A senior researcher caught red-handed,BREAKING: A senior researcher caught red-handed!! New evidence proves agricultural output has been shifted significantly all along. The deep state is trying to HIDE this!!,1,FAKE
According to a report published by,"According to a report published by Red Cross, public health funding has shifted significantly by 3.4% in 2020. Officials cited shifting demographics as the primary driver. Further investigation is ongoing.",0,REAL
Data released by cambridge university researchers,"Data released by Cambridge University researchers indicate that renewable energy adoption affects approximately 3233 people annually, prompting calls for protect civil liberties. Further investigation is ongoing.",0,REAL
WARNING: They laughed when he said vaccine,They laughed when he said vaccine distribution was improving. Now the whole world knows the TRUTH about World Bank and their secret agenda!!,1,FAKE
According to a report published by,"According to a report published by Reuters, agricultural output has decreased by 28.0% in 2024. Officials cited increased investment as the primary driver. Further investigation is ongoing.",0,REAL
EXPOSED: BREAKING: A senior analyst caught red-handed,BREAKING: A senior analyst caught red-handed!! New evidence proves urban housing supply has been shown measurable improvement all along. The deep state is trying to HIDE this!!,1,FAKE
WARNING: Scientists SILENCED after discovering economic forecasting,Scientists SILENCED after discovering economic forecasting actually increased!! World Bank paid millions to keep this hidden from the public.,1,FAKE
MUST READ: This bombshell report on infrastructure development,This bombshell report on infrastructure development was REMOVED from the internet within hours. We saved a copy — read it before it disappears AGAIN. This is what THEY don't want you to see...,1,FAKE
The joint committee on trade agreement,"The joint committee on trade agreement terms released its quarterly findings, noting a 12.9% increased since 2022. The findings are subject to peer review.",0,REAL
EXPOSED: The Canada cover-up nobody is talking,The Canada cover-up nobody is talking about: agricultural output has been increased since 2023. Wake up people — this is happening RIGHT NOW!! #WakeUp #TruthBomb,1,FAKE
WARNING: They laughed when he said digital,They laughed when he said digital privacy regulation was under review. Now the whole world knows the TRUTH about IMF and their secret agenda!!,1,FAKE
WARNING: EXCLUSIVE: Whistleblower inside IMF confirms urban,EXCLUSIVE: Whistleblower inside IMF confirms urban housing supply is a FRAUD. Everything you were taught about economic inequality is a LIE.,1,FAKE
Data released by mit researchers indicate,"Data released by MIT researchers indicate that climate policy affects approximately 757 people annually, prompting calls for stabilize markets. Further investigation is ongoing.",0,REAL
EXPOSED: SHOCKING: economic forecasting is secretly stabilized,SHOCKING: economic forecasting is secretly stabilized and the mainstream media REFUSES to report this!! Sources close to the situation reveal the TRUTH. This is what THEY don't want you to see...,1,FAKE
WARNING: WARNING: The trade agreement terms agenda,WARNING: The trade agreement terms agenda exposed!! What Germany government is REALLY doing will make your blood boil. Real patriots must act NOW!! This is what THEY don't want you to see... #WakeUp #TruthBomb,1,FAKE
A new analysis by imf shows,"A new analysis by IMF shows that urban housing supply trends have remained stable over the past 879 months, according to verified data. Further investigation is ongoing.",0,REAL
SHOCKING: BREAKING: A senior researcher caught red-handed,BREAKING: A senior researcher caught red-handed!! New evidence proves agricultural output has been decreased all along. The deep state is trying to HIDE this!! #WakeUp #TruthBomb,1,FAKE
Data released by stanford university researchers,"Data released by Stanford University researchers indicate that digital privacy regulation affects approximately 4005 people annually, prompting calls for protect civil liberties. The findings are subject to peer review.",0,REAL
SHOCKING: EXCLUSIVE: Whistleblower inside Reuters confirms renewable,EXCLUSIVE: Whistleblower inside Reuters confirms renewable energy adoption is a FRAUD. Everything you were taught about migration patterns is a LIE.,1,FAKE
EXPOSED: SHOCKING: infrastructure development is secretly shown,SHOCKING: infrastructure development is secretly shown measurable improvement and the mainstream media REFUSES to report this!! Sources close to the situation reveal the TRUTH.,1,FAKE
According to a report published by,"According to a report published by Federal Reserve, vaccine distribution has shown measurable improvement by 47.9% in 2022. Officials cited shifting demographics as the primary driver. Further investigation is ongoing.",0,REAL
Researchers at cambridge university have found,"Researchers at Cambridge University have found that renewable energy adoption correlates with migration patterns. The study, peer-reviewed and published in Science, examined 1770 cases. Further investigation is ongoing.",0,REAL
"The director, speaking at a press","The Director, speaking at a press conference, confirmed that trade agreement terms remains within normal parameters. Transparency remains a stated priority. Full data is available in the supplementary report.",0,REAL
Researchers at johns hopkins university have,"Researchers at Johns Hopkins University have found that urban housing supply correlates with migration patterns. The study, peer-reviewed and published in Nature, examined 1929 cases. Full data is available in the supplementary report.",0,REAL
MUST READ: 100% CONFIRMED: vaccine distribution causes migration,100% CONFIRMED: vaccine distribution causes migration patterns!! Big CDC will NEVER let this reach the public. One doctor finally speaks out!! This is what THEY don't want you to see...,1,FAKE
According to a report published by,"According to a report published by CDC, vaccine distribution has decreased by 30.3% in 2019. Officials cited increased investment as the primary driver. Further investigation is ongoing.",0,REAL
MUST READ: MUST READ: How The committee chair,MUST READ: How The committee chair lied to ALL of us about agricultural output. The evidence they buried could shifted significantly everything you believe!!,1,FAKE
Researchers at stanford university have found,"Researchers at Stanford University have found that agricultural output correlates with migration patterns. The study, peer-reviewed and published in Cell, examined 812 cases. Independent experts have yet to comment.",0,REAL
WARNING: BREAKING: The committee chair caught red-handed,BREAKING: The committee chair caught red-handed!! New evidence proves agricultural output has been shown measurable improvement all along. The deep state is trying to HIDE this!! This is what THEY don't want you to see...,1,FAKE
According to a report published by,"According to a report published by Federal Reserve, vaccine distribution has shown measurable improvement by 4.4% in 2024. Officials cited shifting demographics as the primary driver. Further investigation is ongoing.",0,REAL
EXPOSED: The Australia cover-up nobody is talking,The Australia cover-up nobody is talking about: infrastructure development has been stabilized since 2020. Wake up people — this is happening RIGHT NOW!! This is what THEY don't want you to see... #WakeUp #TruthBomb,1,FAKE
EXPOSED: URGENT: Forward this to everyone you,URGENT: Forward this to everyone you know!! economic forecasting is being shown measurable improvement by elites who control Federal Reserve. The proof is UNDENIABLE. #WakeUp #TruthBomb,1,FAKE
Local authorities in japan confirmed that,Local authorities in Japan confirmed that vaccine distribution is under review. The Red Cross released a detailed statement citing policy reform. The findings are subject to peer review.,0,REAL
An independent audit commissioned by federal,An independent audit commissioned by Federal Reserve found no evidence of misconduct related to trade agreement terms in 2023. The findings are subject to peer review.,0,REAL
According to a spokesperson from the,"According to A spokesperson from the IMF, the vaccine distribution initiative has reached 10.0% of its stated objective for 2024. The findings are subject to peer review.",0,REAL
According to a report published by,"According to a report published by Red Cross, infrastructure development has shifted significantly by 42.7% in 2023. Officials cited technological adoption as the primary driver. Further investigation is ongoing.",0,REAL
BREAKING: 100% CONFIRMED: urban housing supply causes,100% CONFIRMED: urban housing supply causes public trust!! Big IMF will NEVER let this reach the public. One doctor finally speaks out!! This is what THEY don't want you to see...,1,FAKE
BREAKING: URGENT: Forward this to everyone you,URGENT: Forward this to everyone you know!! infrastructure development is being decreased by elites who control Reuters. The proof is UNDENIABLE. #WakeUp #TruthBomb,1,FAKE
MUST READ: They don't want you to know,They don't want you to know this about economic forecasting!! A brave insider exposes how OECD has been decreased for years. SHARE before it gets deleted!! #WakeUp #TruthBomb,1,FAKE
EXPOSED: BREAKING: The committee chair caught red-handed,BREAKING: The committee chair caught red-handed!! New evidence proves infrastructure development has been stabilized all along. The deep state is trying to HIDE this!! This is what THEY don't want you to see...,1,FAKE
MUST READ: WARNING: The economic forecasting agenda exposed,WARNING: The economic forecasting agenda exposed!! What Japan government is REALLY doing will make your blood boil. Real patriots must act NOW!!,1,FAKE
